Workbook

Sheet 2016年
A1: 天峨县林朵林场新场部危改房AB栋2016年度电梯维护费收缴情况登记表
A2: 编制部门：天峨县林朵林场计划财务科 | O2: 单位：元
A3: 编号 | B3: 房号 | C3: 原户主 | D3: 上年余额（+）或欠交（-） | E3: 1月已交 | F3: 2月已交 | G3: 3月已交 | H3: 4月已交 | I3: 5月已交 | J3: 6月已交 | K3: 7月已交 | L3: 8月已交 | M3: 9月已交 | N3: 10月已交 | O3: 11月已交 | P3: 12月已交 | Q3: 本年余额（+）或欠交（-）
A4: 1 | B4: A1801 | C4: 韦贞鸾 | Q4: =D4+E4+F4+G4+H4+I4+J4+K4+L4+M4+N4+O4+P4 -> 0
A5: 2 | B5: A1802 | C5: 杨桂玉 | Q5: =D5+E5+F5+G5+H5+I5+J5+K5+L5+M5+N5+O5+P5 -> 0
A6: 3 | B6: A1803 | C6: 胡远必 | Q6: =D6+E6+F6+G6+H6+I6+J6+K6+L6+M6+N6+O6+P6 -> 0
A7: 4 | B7: A1804 | C7: 梁小凤 | Q7: =D7+E7+F7+G7+H7+I7+J7+K7+L7+M7+N7+O7+P7 -> 0
A8: 5 | B8: A1701 | C8: 陈巧玲 | Q8: =D8+E8+F8+G8+H8+I8+J8+K8+L8+M8+N8+O8+P8 -> 0
A9: 6 | B9: A1702 | C9: 周凤琼 | Q9: =D9+E9+F9+G9+H9+I9+J9+K9+L9+M9+N9+O9+P9 -> 0
A10: 7 | B10: A1703 | C10: 班华钊 | Q10: =D10+E10+F10+G10+H10+I10+J10+K10+L10+M10+N10+O10+P10 -> 0
A11: 8 | B11: A1704 | C11: 孙慧芳 | Q11: =D11+E11+F11+G11+H11+I11+J11+K11+L11+M11+N11+O11+P11 -> 0
A12: 9 | B12: A1601 | C12: 赵花萄 | Q12: =D12+E12+F12+G12+H12+I12+J12+K12+L12+M12+N12+O12+P12 -> 0
A13: 10 | B13: A1602 | C13: 韦玉林 | Q13: =D13+E13+F13+G13+H13+I13+J13+K13+L13+M13+N13+O13+P13 -> 0
A14: 11 | B14: A1603 | C14: 李祖勋 | Q14: =D14+E14+F14+G14+H14+I14+J14+K14+L14+M14+N14+O14+P14 -> 0
A15: 12 | B15: A1604 | C15: 马尚军 | Q15: =D15+E15+F15+G15+H15+I15+J15+K15+L15+M15+N15+O15+P15 -> 0
... A127: 124 | B127: B404 | C127: 周冬梅 | Q127: =D127+E127+F127+G127+H127+I127+J127+K127+L127+M127+N127+O127+P127 -> 0
A128: 125 | B128: B301 | Q128: =D128+E128+F128+G128+H128+I128+J128+K128+L128+M128+N128+O128+P128 -> 0
A129: 126 | B129: B302 | C129: 田明川 | Q129: =D129+E129+F129+G129+H129+I129+J129+K129+L129+M129+N129+O129+P129 -> 0
A130: 127 | B130: B303 | C130: 韦仕斌 | Q130: =D130+E130+F130+G130+H130+I130+J130+K130+L130+M130+N130+O130+P130 -> 0
A131: 128 | B131: B304 | C131: 韦光伟 | Q131: =D131+E131+F131+G131+H131+I131+J131+K131+L131+M131+N131+O131+P131 -> 0
A132: 129 | C132: 合计 | D132: =SUM(D4:D131) -> 0 | E132: =SUM(E4:E131) -> 0 | F132: =SUM(F4:F131) -> 0 | G132: =SUM(G4:G131) -> 0 | H132: =SUM(H4:H131) -> 0 | I132: =SUM(I4:I131) -> 0 | J132: =SUM(J4:J131) -> 0 | K132: =SUM(K4:K131) -> 0 | ... Q132: =SUM(Q4:Q131) -> 0

Sheet 2017年 
A1: 天峨县林朵林场新场部危改房AB栋2017年度电梯维护费收缴情况登记表
A2: 编制部门：天峨县林朵林场计划财务科 | O2: 单位：元
A3: 编号 | B3: 房号 | C3: 原户主 | D3: 上年余额（+）或欠交（-） | E3: 1月已交 | F3: 2月已交 | G3: 3月已交 | H3: 4月已交 | I3: 5月已交 | J3: 6月已交 | K3: 7月已交 | L3: 8月已交 | M3: 9月已交 | N3: 10月已交 | O3: 11月已交 | P3: 12月已交 | Q3: 本年余额（+）或欠交（-）
A4: 1 | B4: A1801 | C4: 韦贞鸾 | Q4: =D4+E4+F4+G4+H4+I4+J4+K4+L4+M4+N4+O4+P4 -> 0
A5: 2 | B5: A1802 | C5: 杨桂玉 | Q5: =D5+E5+F5+G5+H5+I5+J5+K5+L5+M5+N5+O5+P5 -> 0
A6: 3 | B6: A1803 | C6: 胡远必 | Q6: =D6+E6+F6+G6+H6+I6+J6+K6+L6+M6+N6+O6+P6 -> 0
A7: 4 | B7: A1804 | C7: 梁小凤 | Q7: =D7+E7+F7+G7+H7+I7+J7+K7+L7+M7+N7+O7+P7 -> 0
A8: 5 | B8: A1701 | C8: 陈巧玲 | Q8: =D8+E8+F8+G8+H8+I8+J8+K8+L8+M8+N8+O8+P8 -> 0
A9: 6 | B9: A1702 | C9: 周凤琼 | Q9: =D9+E9+F9+G9+H9+I9+J9+K9+L9+M9+N9+O9+P9 -> 0
A10: 7 | B10: A1703 | C10: 班华钊 | Q10: =D10+E10+F10+G10+H10+I10+J10+K10+L10+M10+N10+O10+P10 -> 0
A11: 8 | B11: A1704 | C11: 孙慧芳 | Q11: =D11+E11+F11+G11+H11+I11+J11+K11+L11+M11+N11+O11+P11 -> 0
A12: 9 | B12: A1601 | C12: 赵花萄 | Q12: =D12+E12+F12+G12+H12+I12+J12+K12+L12+M12+N12+O12+P12 -> 0
A13: 10 | B13: A1602 | C13: 韦玉林 | Q13: =D13+E13+F13+G13+H13+I13+J13+K13+L13+M13+N13+O13+P13 -> 0
A14: 11 | B14: A1603 | C14: 李祖勋 | Q14: =D14+E14+F14+G14+H14+I14+J14+K14+L14+M14+N14+O14+P14 -> 0
A15: 12 | B15: A1604 | C15: 马尚军 | Q15: =D15+E15+F15+G15+H15+I15+J15+K15+L15+M15+N15+O15+P15 -> 0
... A127: 124 | B127: B404 | C127: 周冬梅 | Q127: =D127+E127+F127+G127+H127+I127+J127+K127+L127+M127+N127+O127+P127 -> 0
A128: 125 | B128: B301 | Q128: =D128+E128+F128+G128+H128+I128+J128+K128+L128+M128+N128+O128+P128 -> 0
A129: 126 | B129: B302 | C129: 田明川 | Q129: =D129+E129+F129+G129+H129+I129+J129+K129+L129+M129+N129+O129+P129 -> 0
A130: 127 | B130: B303 | C130: 韦仕斌 | Q130: =D130+E130+F130+G130+H130+I130+J130+K130+L130+M130+N130+O130+P130 -> 0
A131: 128 | B131: B304 | C131: 韦光伟 | Q131: =D131+E131+F131+G131+H131+I131+J131+K131+L131+M131+N131+O131+P131 -> 0
A132: 129 | C132: 合计 | D132: =SUM(D4:D131) -> 0 | E132: =SUM(E4:E131) -> 0 | F132: =SUM(F4:F131) -> 0 | G132: =SUM(G4:G131) -> 0 | H132: =SUM(H4:H131) -> 0 | I132: =SUM(I4:I131) -> 0 | J132: =SUM(J4:J131) -> 0 | K132: =SUM(K4:K131) -> 0 | ... Q132: =SUM(Q4:Q131) -> 0

Sheet 2018年
A1: 天峨县林朵林场新场部危改房AB栋2018年度电梯维护费收缴情况登记表
A2: 编制部门：天峨县林朵林场计划财务科 | O2: 单位：元
A3: 编号 | B3: 房号 | C3: 原户主 | D3: 上年余额（+）或欠交（-） | E3: 1月已交 | F3: 2月已交 | G3: 3月已交 | H3: 4月已交 | I3: 5月已交 | J3: 6月已交 | K3: 7月已交 | L3: 8月已交 | M3: 9月已交 | N3: 10月已交 | O3: 11月已交 | P3: 12月已交 | Q3: 本年余额（+）或欠交（-）
A4: 1 | B4: A1801 | C4: 韦贞鸾 | Q4: =D4+E4+F4+G4+H4+I4+J4+K4+L4+M4+N4+O4+P4 -> 0
A5: 2 | B5: A1802 | C5: 杨桂玉 | Q5: =D5+E5+F5+G5+H5+I5+J5+K5+L5+M5+N5+O5+P5 -> 0
A6: 3 | B6: A1803 | C6: 胡远必 | Q6: =D6+E6+F6+G6+H6+I6+J6+K6+L6+M6+N6+O6+P6 -> 0
A7: 4 | B7: A1804 | C7: 梁小凤 | Q7: =D7+E7+F7+G7+H7+I7+J7+K7+L7+M7+N7+O7+P7 -> 0
A8: 5 | B8: A1701 | C8: 陈巧玲 | Q8: =D8+E8+F8+G8+H8+I8+J8+K8+L8+M8+N8+O8+P8 -> 0
A9: 6 | B9: A1702 | C9: 周凤琼 | Q9: =D9+E9+F9+G9+H9+I9+J9+K9+L9+M9+N9+O9+P9 -> 0
A10: 7 | B10: A1703 | C10: 班华钊 | Q10: =D10+E10+F10+G10+H10+I10+J10+K10+L10+M10+N10+O10+P10 -> 0
A11: 8 | B11: A1704 | C11: 孙慧芳 | Q11: =D11+E11+F11+G11+H11+I11+J11+K11+L11+M11+N11+O11+P11 -> 0
A12: 9 | B12: A1601 | C12: 赵花萄 | Q12: =D12+E12+F12+G12+H12+I12+J12+K12+L12+M12+N12+O12+P12 -> 0
A13: 10 | B13: A1602 | C13: 韦玉林 | Q13: =D13+E13+F13+G13+H13+I13+J13+K13+L13+M13+N13+O13+P13 -> 0
A14: 11 | B14: A1603 | C14: 李祖勋 | Q14: =D14+E14+F14+G14+H14+I14+J14+K14+L14+M14+N14+O14+P14 -> 0
A15: 12 | B15: A1604 | C15: 马尚军 | Q15: =D15+E15+F15+G15+H15+I15+J15+K15+L15+M15+N15+O15+P15 -> 0
... A127: 124 | B127: B404 | C127: 周冬梅 | Q127: =D127+E127+F127+G127+H127+I127+J127+K127+L127+M127+N127+O127+P127 -> 0
A128: 125 | B128: B301 | Q128: =D128+E128+F128+G128+H128+I128+J128+K128+L128+M128+N128+O128+P128 -> 0
A129: 126 | B129: B302 | C129: 田明川 | Q129: =D129+E129+F129+G129+H129+I129+J129+K129+L129+M129+N129+O129+P129 -> 0
A130: 127 | B130: B303 | C130: 韦仕斌 | Q130: =D130+E130+F130+G130+H130+I130+J130+K130+L130+M130+N130+O130+P130 -> 0
A131: 128 | B131: B304 | C131: 韦光伟 | Q131: =D131+E131+F131+G131+H131+I131+J131+K131+L131+M131+N131+O131+P131 -> 0
A132: 129 | C132: 合计 | D132: =SUM(D4:D131) -> 0 | E132: =SUM(E4:E131) -> 0 | F132: =SUM(F4:F131) -> 0 | G132: =SUM(G4:G131) -> 0 | H132: =SUM(H4:H131) -> 0 | I132: =SUM(I4:I131) -> 0 | J132: =SUM(J4:J131) -> 0 | K132: =SUM(K4:K131) -> 0 | ... Q132: =SUM(Q4:Q131) -> 0
D133: 19746

Sheet 2019年 
A1: 天峨县林朵林场新场部危改房AB栋2019年度电梯维护费收缴情况登记表
A2: 编制部门：天峨县林朵林场计划财务科 | O2: 单位：元
A3: 编号 | B3: 房号 | C3: 原户主 | D3: 上年余额（+）或欠交（-） | E3: 1月已交 | F3: 2月已交 | G3: 3月已交 | H3: 4月已交 | I3: 5月已交 | J3: 6月已交 | K3: 7月已交 | L3: 8月已交 | M3: 9月已交 | N3: 10月已交 | O3: 11月已交 | P3: 12月已交 | Q3: 本年余额（+）或欠交（-）
A4: 1 | B4: A1801 | C4: 韦贞鸾 | H4: 162.38 | N4: 235.86 | Q4: =D4+E4+F4+G4+H4+I4+J4+K4+L4+M4+N4+O4+P4 -> 398.24
A5: 2 | B5: A1802 | C5: 杨桂玉 | H5: 162.38 | N5: 235.86 | Q5: =D5+E5+F5+G5+H5+I5+J5+K5+L5+M5+N5+O5+P5 -> 398.24
A6: 3 | B6: A1803 | C6: 胡远必 | F6: 162.38 | Q6: =D6+E6+F6+G6+H6+I6+J6+K6+L6+M6+N6+O6+P6 -> 162.38
A7: 4 | B7: A1804 | C7: 梁小凤 | H7: 162.38 | N7: 235.86 | Q7: =D7+E7+F7+G7+H7+I7+J7+K7+L7+M7+N7+O7+P7 -> 398.24
A8: 5 | B8: A1701 | C8: 陈巧玲 | F8: 162.38 | O8: 235.86 | Q8: =D8+E8+F8+G8+H8+I8+J8+K8+L8+M8+N8+O8+P8 -> 398.24
A9: 6 | B9: A1702 | C9: 周凤琼 | H9: 162.38 | O9: 235.86 | Q9: =D9+E9+F9+G9+H9+I9+J9+K9+L9+M9+N9+O9+P9 -> 398.24
A10: 7 | B10: A1703 | C10: 班华钊 | F10: 162.38 | O10: 235.86 | Q10: =D10+E10+F10+G10+H10+I10+J10+K10+L10+M10+N10+O10+P10 -> 398.24
A11: 8 | B11: A1704 | C11: 孙慧芳 | F11: 162.38 | N11: 235.86 | Q11: =D11+E11+F11+G11+H11+I11+J11+K11+L11+M11+N11+O11+P11 -> 398.24
A12: 9 | B12: A1601 | C12: 赵花萄 | I12: 162.38 | Q12: =D12+E12+F12+G12+H12+I12+J12+K12+L12+M12+N12+O12+P12 -> 162.38
A13: 10 | B13: A1602 | C13: 韦玉林 | Q13: =D13+E13+F13+G13+H13+I13+J13+K13+L13+M13+N13+O13+P13 -> 0
A14: 11 | B14: A1603 | C14: 李祖勋 | Q14: =D14+E14+F14+G14+H14+I14+J14+K14+L14+M14+N14+O14+P14 -> 0
A15: 12 | B15: A1604 | C15: 马尚军 | E15: 162.38 | N15: 235.86 | Q15: =D15+E15+F15+G15+H15+I15+J15+K15+L15+M15+N15+O15+P15 -> 398.24
A16: 13 | B16: A1501 | C16: 杨凤英 | E16: 162.38 | N16: 235.86 | Q16: =D16+E16+F16+G16+H16+I16+J16+K16+L16+M16+N16+O16+P16 -> 398.24
A17: 14 | B17: A1502 | C17: 陈曙林 | Q17: =D17+E17+F17+G17+H17+I17+J17+K17+L17+M17+N17+O17+P17 -> 0
A18: 15 | B18: A1503 | C18: 韦月鸾 | Q18: =D18+E18+F18+G18+H18+I18+J18+K18+L18+M18+N18+O18+P18 -> 0
A19: 16 | B19: A1504 | C19: 方焕忠 | E19: 162.38 | N19: 235.86 | Q19: =D19+E19+F19+G19+H19+I19+J19+K19+L19+M19+N19+O19+P19 -> 398.24
A20: 17 | B20: A1401 | C20: 李向农 | H20: 163 | P20: 235.24 | Q20: =D20+E20+F20+G20+H20+I20+J20+K20+L20+M20+N20+O20+P20 -> 398.24
A21: 18 | B21: A1402 | C21: 邓扬静 | H21: 161.38 | P21: 235.86 | Q21: =D21+E21+F21+G21+H21+I21+J21+K21+L21+M21+N21+O21+P21 -> 397.24
A22: 19 | B22: A1403 | C22: 黄光龙 | H22: 162.38 | N22: 235.86 | Q22: =D22+E22+F22+G22+H22+I22+J22+K22+L22+M22+N22+O22+P22 -> 398.24
A23: 20 | B23: A1404 | C23: 杨光权 | H23: 162.38 | N23: 235.86 | Q23: =D23+E23+F23+G23+H23+I23+J23+K23+L23+M23+N23+O23+P23 -> 398.24
A24: 21 | B24: A1301 | C24: 吴胜斌 | H24: 162.38 | Q24: =D24+E24+F24+G24+H24+I24+J24+K24+L24+M24+N24+O24+P24 -> 162.38
A25: 22 | B25: A1302 | C25: 韦献萍 | H25: 162.38 | O25: 235.86 | Q25: =D25+E25+F25+G25+H25+I25+J25+K25+L25+M25+N25+O25+P25 -> 398.24
A26: 23 | B26: A1303 | C26: 黄汉冕 | H26: 162.38 | P26: 235.86 | Q26: =D26+E26+F26+G26+H26+I26+J26+K26+L26+M26+N26+O26+P26 -> 398.24
A27: 24 | B27: A1304 | C27: 梁艳红 | I27: 162.38 | Q27: =D27+E27+F27+G27+H27+I27+J27+K27+L27+M27+N27+O27+P27 -> 162.38
A28: 25 | B28: A1201 | C28: 索邦卫 | H28: 162.38 | O28: 235.86 | Q28: =D28+E28+F28+G28+H28+I28+J28+K28+L28+M28+N28+O28+P28 -> 398.24
A29: 26 | B29: A1202 | C29: 韦竹珍 | H29: 162.38 | P29: 235.86 | Q29: =D29+E29+F29+G29+H29+I29+J29+K29+L29+M29+N29+O29+P29 -> 398.24
A30: 27 | B30: A1203 | C30: 冉光新 | H30: 162.5 | Q30: =D30+E30+F30+G30+H30+I30+J30+K30+L30+M30+N30+O30+P30 -> 162.5
A31: 28 | B31: A1204 | C31: 彭鸣忠 | I31: 162.38 | Q31: =D31+E31+F31+G31+H31+I31+J31+K31+L31+M31+N31+O31+P31 -> 162.38
A32: 29 | B32: A1103 | C32: 李莎莎 | H32: 162.38 | O32: 235.86 | Q32: =D32+E32+F32+G32+H32+I32+J32+K32+L32+M32+N32+O32+P32 -> 398.24
A33: 30 | B33: A1104 | C33: 陈臻慧 | H33: 162.38 | N33: 235.86 | Q33: =D33+E33+F33+G33+H33+I33+J33+K33+L33+M33+N33+O33+P33 -> 398.24
A34: 31 | B34: A1101 | C34: 吴爱叶 | H34: 162.38 | N34: 235.86 | Q34: =D34+E34+F34+G34+H34+I34+J34+K34+L34+M34+N34+O34+P34 -> 398.24
A35: 32 | B35: A1102 | C35: 岑丽娟 | Q35: =D35+E35+F35+G35+H35+I35+J35+K35+L35+M35+N35+O35+P35 -> 0
A36: 33 | B36: A1001 | C36: 黄敬财 | Q36: =D36+E36+F36+G36+H36+I36+J36+K36+L36+M36+N36+O36+P36 -> 0
A37: 34 | B37: A1002 | C37: 韦永 | H37: 163.28 | N37: 234.96 | Q37: =D37+E37+F37+G37+H37+I37+J37+K37+L37+M37+N37+O37+P37 -> 398.24
A38: 35 | B38: A1003 | C38: 黄国华 | E38: 162.38 | O38: 235.86 | Q38: =D38+E38+F38+G38+H38+I38+J38+K38+L38+M38+N38+O38+P38 -> 398.24
A39: 36 | B39: A1004 | C39: 樊红 | H39: 162.38 | N39: 235.86 | Q39: =D39+E39+F39+G39+H39+I39+J39+K39+L39+M39+N39+O39+P39 -> 398.24
A40: 37 | B40: A901 | C40: 吴荣庆 | H40: 162.38 | N40: 235.86 | Q40: =D40+E40+F40+G40+H40+I40+J40+K40+L40+M40+N40+O40+P40 -> 398.24
A41: 38 | B41: A902 | C41: 韦选康 | E41: 162.38 | N41: 235.86 | Q41: =D41+E41+F41+G41+H41+I41+J41+K41+L41+M41+N41+O41+P41 -> 398.24
A42: 39 | B42: A903 | C42: 尹明东 | H42: 162.38 | N42: 235.86 | Q42: =D42+E42+F42+G42+H42+I42+J42+K42+L42+M42+N42+O42+P42 -> 398.24
A43: 40 | B43: A904 | C43: 赵德师 | H43: 162.4 | P43: 235.84 | Q43: =D43+E43+F43+G43+H43+I43+J43+K43+L43+M43+N43+O43+P43 -> 398.24
A44: 41 | B44: A801 | C44: 索彩悦 | H44: 162.38 | N44: 235.86 | Q44: =D44+E44+F44+G44+H44+I44+J44+K44+L44+M44+N44+O44+P44 -> 398.24
A45: 42 | B45: A802 | C45: 梁耀兴 | J45: 162.38 | N45: 235.86 | Q45: =D45+E45+F45+G45+H45+I45+J45+K45+L45+M45+N45+O45+P45 -> 398.24
A46: 43 | B46: A803 | C46: 孙忠权 | E46: 162.38 | N46: 235.86 | Q46: =D46+E46+F46+G46+H46+I46+J46+K46+L46+M46+N46+O46+P46 -> 398.24
A47: 44 | B47: A804 | C47: 薛双美 | I47: 200 | N47: 198.24 | Q47: =D47+E47+F47+G47+H47+I47+J47+K47+L47+M47+N47+O47+P47 -> 398.24
A48: 45 | B48: A701 | C48: 张丹好 | H48: 162.38 | N48: 235.86 | Q48: =D48+E48+F48+G48+H48+I48+J48+K48+L48+M48+N48+O48+P48 -> 398.24
A49: 46 | B49: A702 | C49: 秦秀银 | H49: 162.38 | N49: 235.86 | Q49: =D49+E49+F49+G49+H49+I49+J49+K49+L49+M49+N49+O49+P49 -> 398.24
A50: 47 | B50: A703 | C50: 徐永腾 | H50: 162.38 | Q50: =D50+E50+F50+G50+H50+I50+J50+K50+L50+M50+N50+O50+P50 -> 162.38
A51: 48 | B51: A704 | C51: 韦建良 | H51: 162.38 | O51: 235.86 | Q51: =D51+E51+F51+G51+H51+I51+J51+K51+L51+M51+N51+O51+P51 -> 398.24
A52: 49 | B52: A601 | C52: 黄恒富 | F52: 162.38 | Q52: =D52+E52+F52+G52+H52+I52+J52+K52+L52+M52+N52+O52+P52 -> 162.38
A53: 50 | B53: A602 | C53: 宁剑 | F53: 162.38 | Q53: =D53+E53+F53+G53+H53+I53+J53+K53+L53+M53+N53+O53+P53 -> 162.38
A54: 51 | B54: A603 | C54: 韦露帆 | H54: 162.38 | O54: 235.86 | Q54: =D54+E54+F54+G54+H54+I54+J54+K54+L54+M54+N54+O54+P54 -> 398.24
A55: 52 | B55: A604 | C55: 黄定军 | H55: 162.38 | O55: 235.86 | Q55: =D55+E55+F55+G55+H55+I55+J55+K55+L55+M55+N55+O55+P55 -> 398.24
A56: 53 | B56: A501 | C56: 唐运忠 | H56: 162.34 | N56: 235.86 | Q56: =D56+E56+F56+G56+H56+I56+J56+K56+L56+M56+N56+O56+P56 -> 398.2
A57: 54 | B57: A502 | C57: 宁昌妹 | H57: 162.38 | N57: 235.86 | Q57: =D57+E57+F57+G57+H57+I57+J57+K57+L57+M57+N57+O57+P57 -> 398.24
A58: 55 | B58: A503 | C58: 赵桂民 | E58: 162.38 | N58: 235.86 | Q58: =D58+E58+F58+G58+H58+I58+J58+K58+L58+M58+N58+O58+P58 -> 398.24
A59: 56 | B59: A504 | C59: 何脉珠 | H59: 162.38 | N59: 235.86 | Q59: =D59+E59+F59+G59+H59+I59+J59+K59+L59+M59+N59+O59+P59 -> 398.24
A60: 57 | B60: A401 | C60: 覃雪萍 | E60: 162.38 | N60: 235.86 | Q60: =D60+E60+F60+G60+H60+I60+J60+K60+L60+M60+N60+O60+P60 -> 398.24
A61: 58 | B61: A402 | C61: 唐智 | H61: 162.38 | N61: 235.86 | Q61: =D61+E61+F61+G61+H61+I61+J61+K61+L61+M61+N61+O61+P61 -> 398.24
A62: 59 | B62: A403 | C62: 韦光会 | H62: 162.38 | Q62: =D62+E62+F62+G62+H62+I62+J62+K62+L62+M62+N62+O62+P62 -> 162.38
A63: 60 | B63: A404 | C63: 李远干 | H63: 162.38 | N63: 235.86 | Q63: =D63+E63+F63+G63+H63+I63+J63+K63+L63+M63+N63+O63+P63 -> 398.24
A64: 61 | B64: A301 | C64: 索文德 | I64: 162.38 | N64: 235.86 | Q64: =D64+E64+F64+G64+H64+I64+J64+K64+L64+M64+N64+O64+P64 -> 398.24
A65: 62 | B65: A302 | C65: 班荣明 | H65: 162.38 | P65: 235.86 | Q65: =D65+E65+F65+G65+H65+I65+J65+K65+L65+M65+N65+O65+P65 -> 398.24
A66: 63 | B66: A303 | C66: 管德明 | H66: 162.38 | N66: 235.86 | Q66: =D66+E66+F66+G66+H66+I66+J66+K66+L66+M66+N66+O66+P66 -> 398.24
A67: 64 | B67: A304 | C67: 黄朝勇 | H67: 162.38 | Q67: =D67+E67+F67+G67+H67+I67+J67+K67+L67+M67+N67+O67+P67 -> 162.38
A68: 65 | B68: B1801 | C68: 杨世永 | F68: 198.76 | N68: 359.65 | Q68: =D68+E68+F68+G68+H68+I68+J68+K68+L68+M68+N68+O68+P68 -> 558.41
A69: 66 | B69: B1802 | C69: 张永谦 | I69: 198.76 | Q69: =D69+E69+F69+G69+H69+I69+J69+K69+L69+M69+N69+O69+P69 -> 198.76
A70: 67 | B70: B1803 | C70: 韦春梅 | E70: 198.76 | N70: 359.65 | Q70: =D70+E70+F70+G70+H70+I70+J70+K70+L70+M70+N70+O70+P70 -> 558.41
A71: 68 | B71: B1804 | C71: 杨世会 | H71: 198.76 | N71: 359.65 | Q71: =D71+E71+F71+G71+H71+I71+J71+K71+L71+M71+N71+O71+P71 -> 558.41
A72: 69 | B72: B1701 | C72: 覃海宁 | H72: 198.76 | N72: 359.65 | Q72: =D72+E72+F72+G72+H72+I72+J72+K72+L72+M72+N72+O72+P72 -> 558.41
A73: 70 | B73: B1702 | C73: 赵小华 | F73: 198.76 | N73: 359.65 | Q73: =D73+E73+F73+G73+H73+I73+J73+K73+L73+M73+N73+O73+P73 -> 558.41
A74: 71 | B74: B1703 | C74: 兰瑞传 | H74: 198.76 | O74: 359.65 | Q74: =D74+E74+F74+G74+H74+I74+J74+K74+L74+M74+N74+O74+P74 -> 558.41
A75: 72 | B75: B1704 | C75: 李祖干 | Q75: =D75+E75+F75+G75+H75+I75+J75+K75+L75+M75+N75+O75+P75 -> 0
A76: 73 | B76: B1601 | C76: 吴胜聪 | E76: 198.76 | N76: 359.65 | Q76: =D76+E76+F76+G76+H76+I76+J76+K76+L76+M76+N76+O76+P76 -> 558.41
A77: 74 | B77: B1602 | C77: 张培训 | H77: 198.76 | N77: 359.65 | Q77: =D77+E77+F77+G77+H77+I77+J77+K77+L77+M77+N77+O77+P77 -> 558.41
A78: 75 | B78: B1603 | C78: 向凌 | E78: 198.67 | Q78: =D78+E78+F78+G78+H78+I78+J78+K78+L78+M78+N78+O78+P78 -> 198.67
A79: 76 | B79: B1604 | C79: 卢运理 | E79: 198.76 | N79: 359.65 | Q79: =D79+E79+F79+G79+H79+I79+J79+K79+L79+M79+N79+O79+P79 -> 558.41
A80: 77 | B80: B1501 | C80: 黄树田 | H80: 199 | N80: 359.41 | Q80: =D80+E80+F80+G80+H80+I80+J80+K80+L80+M80+N80+O80+P80 -> 558.41
A81: 78 | B81: B1502 | C81: 卢秀香 | Q81: =D81+E81+F81+G81+H81+I81+J81+K81+L81+M81+N81+O81+P81 -> 0
A82: 79 | B82: B1503 | C82: 梁芸 | H82: 198.76 | Q82: =D82+E82+F82+G82+H82+I82+J82+K82+L82+M82+N82+O82+P82 -> 198.76
A83: 80 | B83: B1504 | C83: 唐月新 | H83: 198.76 | N83: 359.65 | Q83: =D83+E83+F83+G83+H83+I83+J83+K83+L83+M83+N83+O83+P83 -> 558.41
A84: 81 | B84: B1401 | C84: 张坤远 | F84: 198.76 | N84: 359.65 | Q84: =D84+E84+F84+G84+H84+I84+J84+K84+L84+M84+N84+O84+P84 -> 558.41
A85: 82 | B85: B1402 | C85: 唐毓辉 | E85: 198.76 | N85: 359.65 | Q85: =D85+E85+F85+G85+H85+I85+J85+K85+L85+M85+N85+O85+P85 -> 558.41
A86: 83 | B86: B1403 | C86: 张庭强 | H86: 198.76 | N86: 359.65 | Q86: =D86+E86+F86+G86+H86+I86+J86+K86+L86+M86+N86+O86+P86 -> 558.41
A87: 84 | B87: B1404 | C87: 杨月俞 | F87: 198.76 | N87: 359.65 | Q87: =D87+E87+F87+G87+H87+I87+J87+K87+L87+M87+N87+O87+P87 -> 558.41
A88: 85 | B88: B1301 | C88: 薛红芳 | H88: 198.76 | N88: 359.65 | Q88: =D88+E88+F88+G88+H88+I88+J88+K88+L88+M88+N88+O88+P88 -> 558.41
A89: 86 | B89: B1302 | C89: 尹明亮 | H89: 198.76 | N89: 359.65 | Q89: =D89+E89+F89+G89+H89+I89+J89+K89+L89+M89+N89+O89+P89 -> 558.41
A90: 87 | B90: B1303 | C90: 黄学军 | H90: 198.76 | N90: 359.65 | Q90: =D90+E90+F90+G90+H90+I90+J90+K90+L90+M90+N90+O90+P90 -> 558.41
A91: 88 | B91: B1304 | C91: 韦水银 | H91: 198.76 | N91: 359.65 | Q91: =D91+E91+F91+G91+H91+I91+J91+K91+L91+M91+N91+O91+P91 -> 558.41
A92: 89 | B92: B1201 | C92: 韦勇东 | H92: 198.76 | N92: 359.65 | Q92: =D92+E92+F92+G92+H92+I92+J92+K92+L92+M92+N92+O92+P92 -> 558.41
A93: 90 | B93: B1202 | C93: 罗其永 | E93: 198.76 | N93: 359.65 | Q93: =D93+E93+F93+G93+H93+I93+J93+K93+L93+M93+N93+O93+P93 -> 558.41
A94: 91 | B94: B1203 | C94: 廖婉 | N94: 45 | Q94: =D94+E94+F94+G94+H94+I94+J94+K94+L94+M94+N94+O94+P94 -> 45
A95: 92 | B95: B1204 | C95: 张卫红 | M95: 198.76 | O95: 359.65 | Q95: =D95+E95+F95+G95+H95+I95+J95+K95+L95+M95+N95+O95+P95 -> 558.41
A96: 93 | B96: B1101 | C96: 仇利生 | E96: 198.76 | H96: 198.76 | N96: 160.89 | Q96: =D96+E96+F96+G96+H96+I96+J96+K96+L96+M96+N96+O96+P96 -> 558.41
A97: 94 | B97: B1102 | C97: 韩雪琴 | H97: 199 | P97: 359.41 | Q97: =D97+E97+F97+G97+H97+I97+J97+K97+L97+M97+N97+O97+P97 -> 558.41
A98: 95 | B98: B1103 | C98: 罗智云 | H98: 198 | N98: 359.65 | O98: 0.76 | Q98: =D98+E98+F98+G98+H98+I98+J98+K98+L98+M98+N98+O98+P98 -> 558.41
A99: 96 | B99: B1104 | C99: 韦丽春 | H99: 198.76 | N99: 359.65 | Q99: =D99+E99+F99+G99+H99+I99+J99+K99+L99+M99+N99+O99+P99 -> 558.41
A100: 97 | B100: B1001 | C100: 黄恒洋 | H100: 198.76 | P100: 359.65 | Q100: =D100+E100+F100+G100+H100+I100+J100+K100+L100+M100+N100+O100+P100 -> 558.41
...

Sheet 2020年 
A1: 天峨县林朵林场新场部危改房AB栋2020年度电梯维护费收缴情况登记表
A2: 编制部门：天峨县林朵林场计划财务科 | O2: 单位：元
A3: 编号 | B3: 房号 | C3: 原户主 | D3: 上年余额（+）或欠交（-） | E3: 1月已交 | F3: 2月已交 | G3: 3月已交 | H3: 4月已交 | I3: 5月已交 | J3: 6月已交 | K3: 7月已交 | L3: 8月已交 | M3: 9月已交 | N3: 10月已交 | O3: 11月已交 | P3: 12月已交 | Q3: 本年余额（+）或欠交（-）
A4: 1 | B4: A1801 | C4: 韦贞鸾 | G4: 320.26 | L4: 109.92 | Q4: =D4+E4+F4+G4+H4+I4+J4+K4+L4+M4+N4+O4+P4 -> 430.18
A5: 2 | B5: A1802 | C5: 杨桂玉 | G5: 321 | M5: 109.92 | Q5: =D5+E5+F5+G5+H5+I5+J5+K5+L5+M5+N5+O5+P5 -> 430.92
A6: 3 | B6: A1803 | C6: 胡远必 | G6: 556.12 | K6: 109.92 | Q6: =D6+E6+F6+G6+H6+I6+J6+K6+L6+M6+N6+O6+P6 -> 666.04
A7: 4 | B7: A1804 | C7: 梁小凤 | G7: 320.26 | K7: 109.92 | Q7: =D7+E7+F7+G7+H7+I7+J7+K7+L7+M7+N7+O7+P7 -> 430.18
A8: 5 | B8: A1701 | C8: 陈巧玲 | H8: 320.26 | K8: 109.92 | Q8: =D8+E8+F8+G8+H8+I8+J8+K8+L8+M8+N8+O8+P8 -> 430.18
A9: 6 | B9: A1702 | C9: 周凤琼 | G9: 320.26 | K9: 109.92 | Q9: =D9+E9+F9+G9+H9+I9+J9+K9+L9+M9+N9+O9+P9 -> 430.18
A10: 7 | B10: A1703 | C10: 班华钊 | L10: 109.92 | Q10: =D10+E10+F10+G10+H10+I10+J10+K10+L10+M10+N10+O10+P10 -> 109.92
A11: 8 | B11: A1704 | C11: 孙慧芳 | G11: 320.26 | K11: 109.92 | Q11: =D11+E11+F11+G11+H11+I11+J11+K11+L11+M11+N11+O11+P11 -> 430.18
A12: 9 | B12: A1601 | C12: 赵花萄 | H12: 556.12 | L12: 109.92 | Q12: =D12+E12+F12+G12+H12+I12+J12+K12+L12+M12+N12+O12+P12 -> 666.04
A13: 10 | B13: A1602 | C13: 韦玉林 | Q13: =D13+E13+F13+G13+H13+I13+J13+K13+L13+M13+N13+O13+P13 -> 0
A14: 11 | B14: A1603 | C14: 李祖勋 | Q14: =D14+E14+F14+G14+H14+I14+J14+K14+L14+M14+N14+O14+P14 -> 0
A15: 12 | B15: A1604 | C15: 马尚军 | G15: 320.26 | J15: 109.92 | Q15: =D15+E15+F15+G15+H15+I15+J15+K15+L15+M15+N15+O15+P15 -> 430.18
A16: 13 | B16: A1501 | C16: 杨凤英 | G16: 320.2 | K16: 109.92 | P16: 109.92 | Q16: =D16+E16+F16+G16+H16+I16+J16+K16+L16+M16+N16+O16+P16 -> 540.04
A17: 14 | B17: A1502 | C17: 陈曙林 | Q17: =D17+E17+F17+G17+H17+I17+J17+K17+L17+M17+N17+O17+P17 -> 0
A18: 15 | B18: A1503 | C18: 韦月鸾 | Q18: =D18+E18+F18+G18+H18+I18+J18+K18+L18+M18+N18+O18+P18 -> 0
A19: 16 | B19: A1504 | C19: 方焕忠 | G19: 320.2 | K19: 109.92 | Q19: =D19+E19+F19+G19+H19+I19+J19+K19+L19+M19+N19+O19+P19 -> 430.12
A20: 17 | B20: A1401 | C20: 李向农 | I20: 320.26 | L20: 109.92 | Q20: =D20+E20+F20+G20+H20+I20+J20+K20+L20+M20+N20+O20+P20 -> 430.18
A21: 18 | B21: A1402 | C21: 邓扬静 | I21: 321.26 | N21: 109.92 | Q21: =D21+E21+F21+G21+H21+I21+J21+K21+L21+M21+N21+O21+P21 -> 431.18
A22: 19 | B22: A1403 | C22: 黄光龙 | G22: 320.26 | K22: 109.92 | M22: 109.92 | Q22: =D22+E22+F22+G22+H22+I22+J22+K22+L22+M22+N22+O22+P22 -> 540.1
A23: 20 | B23: A1404 | C23: 杨光权 | G23: 320.26 | K23: 109.92 | Q23: =D23+E23+F23+G23+H23+I23+J23+K23+L23+M23+N23+O23+P23 -> 430.18
A24: 21 | B24: A1301 | C24: 吴胜斌 | H24: 556.12 | K24: 109.92 | Q24: =D24+E24+F24+G24+H24+I24+J24+K24+L24+M24+N24+O24+P24 -> 666.04
A25: 22 | B25: A1302 | C25: 韦献萍 | H25: 320.26 | O25: 109.92 | Q25: =D25+E25+F25+G25+H25+I25+J25+K25+L25+M25+N25+O25+P25 -> 430.18
A26: 23 | B26: A1303 | C26: 黄汉冕 | I26: 320.26 | P26: 109.92 | Q26: =D26+E26+F26+G26+H26+I26+J26+K26+L26+M26+N26+O26+P26 -> 430.18
A27: 24 | B27: A1304 | C27: 梁艳红 | H27: 556.2 | P27: 109.92 | Q27: =D27+E27+F27+G27+H27+I27+J27+K27+L27+M27+N27+O27+P27 -> 666.12
A28: 25 | B28: A1201 | C28: 索邦卫 | H28: 320.26 | M28: 109.92 | Q28: =D28+E28+F28+G28+H28+I28+J28+K28+L28+M28+N28+O28+P28 -> 430.18
A29: 26 | B29: A1202 | C29: 韦竹珍 | K29: 109.92 | Q29: =D29+E29+F29+G29+H29+I29+J29+K29+L29+M29+N29+O29+P29 -> 109.92
A30: 27 | B30: A1203 | C30: 冉光新 | G30: 235.74 | K30: 109.92 | Q30: =D30+E30+F30+G30+H30+I30+J30+K30+L30+M30+N30+O30+P30 -> 345.66
A31: 28 | B31: A1204 | C31: 彭鸣忠 | I31: 556.12 | M31: 109.92 | Q31: =D31+E31+F31+G31+H31+I31+J31+K31+L31+M31+N31+O31+P31 -> 666.04
A32: 29 | B32: A1103 | C32: 李莎莎 | G32: 320.26 | K32: 109.92 | Q32: =D32+E32+F32+G32+H32+I32+J32+K32+L32+M32+N32+O32+P32 -> 430.18
A33: 30 | B33: A1104 | C33: 陈臻慧 | G33: 320.26 | L33: 109.92 | Q33: =D33+E33+F33+G33+H33+I33+J33+K33+L33+M33+N33+O33+P33 -> 430.18
A34: 31 | B34: A1101 | C34: 吴爱叶 | G34: 320.26 | P34: 109.92 | Q34: =D34+E34+F34+G34+H34+I34+J34+K34+L34+M34+N34+O34+P34 -> 430.18
A35: 32 | B35: A1102 | C35: 岑丽娟 | P35: 109.92 | Q35: =D35+E35+F35+G35+H35+I35+J35+K35+L35+M35+N35+O35+P35 -> 109.92
A36: 33 | B36: A1001 | C36: 黄敬财 | Q36: =D36+E36+F36+G36+H36+I36+J36+K36+L36+M36+N36+O36+P36 -> 0
A37: 34 | B37: A1002 | C37: 韦永 | G37: 320.26 | L37: 109.92 | Q37: =D37+E37+F37+G37+H37+I37+J37+K37+L37+M37+N37+O37+P37 -> 430.18
A38: 35 | B38: A1003 | C38: 黄国华 | H38: 320.26 | L38: 109.92 | Q38: =D38+E38+F38+G38+H38+I38+J38+K38+L38+M38+N38+O38+P38 -> 430.18
A39: 36 | B39: A1004 | C39: 樊红 | G39: 320.26 | P39: 109.92 | Q39: =D39+E39+F39+G39+H39+I39+J39+K39+L39+M39+N39+O39+P39 -> 430.18
A40: 37 | B40: A901 | C40: 吴荣庆 | G40: 320.26 | K40: 109.92 | L40: 109.92 | Q40: =D40+E40+F40+G40+H40+I40+J40+K40+L40+M40+N40+O40+P40 -> 540.1
A41: 38 | B41: A902 | C41: 韦选康 | G41: 320.26 | K41: 109.92 | Q41: =D41+E41+F41+G41+H41+I41+J41+K41+L41+M41+N41+O41+P41 -> 430.18
A42: 39 | B42: A903 | C42: 尹明东 | G42: 320.26 | K42: 109.92 | Q42: =D42+E42+F42+G42+H42+I42+J42+K42+L42+M42+N42+O42+P42 -> 430.18
A43: 40 | B43: A904 | C43: 赵德师 | K43: 109.92 | O43: 109.92 | Q43: =D43+E43+F43+G43+H43+I43+J43+K43+L43+M43+N43+O43+P43 -> 219.84
A44: 41 | B44: A801 | C44: 索彩悦 | G44: 320.26 | P44: 109.92 | Q44: =D44+E44+F44+G44+H44+I44+J44+K44+L44+M44+N44+O44+P44 -> 430.18
A45: 42 | B45: A802 | C45: 梁耀兴 | G45: 320.26 | K45: 109.92 | Q45: =D45+E45+F45+G45+H45+I45+J45+K45+L45+M45+N45+O45+P45 -> 430.18
A46: 43 | B46: A803 | C46: 孙忠权 | H46: 320.26 | M46: 109.92 | Q46: =D46+E46+F46+G46+H46+I46+J46+K46+L46+M46+N46+O46+P46 -> 430.18
A47: 44 | B47: A804 | C47: 薛双美 | G47: 320.26 | L47: 109.92 | Q47: =D47+E47+F47+G47+H47+I47+J47+K47+L47+M47+N47+O47+P47 -> 430.18
A48: 45 | B48: A701 | C48: 张丹好 | G48: 320.26 | J48: 109.92 | N48: 109.92 | Q48: =D48+E48+F48+G48+H48+I48+J48+K48+L48+M48+N48+O48+P48 -> 540.1
A49: 46 | B49: A702 | C49: 秦秀银 | H49: 320.26 | M49: 109.92 | Q49: =D49+E49+F49+G49+H49+I49+J49+K49+L49+M49+N49+O49+P49 -> 430.18
A50: 47 | B50: A703 | C50: 徐永腾 | H50: 556.12 | M50: 109.92 | Q50: =D50+E50+F50+G50+H50+I50+J50+K50+L50+M50+N50+O50+P50 -> 666.04
A51: 48 | B51: A704 | C51: 韦建良 | G51: 320.26 | L51: 109.92 | Q51: =D51+E51+F51+G51+H51+I51+J51+K51+L51+M51+N51+O51+P51 -> 430.18
A52: 49 | B52: A601 | C52: 黄恒富 | F52: 235.86 | H52: 320.26 | O52: 109.92 | Q52: =D52+E52+F52+G52+H52+I52+J52+K52+L52+M52+N52+O52+P52 -> 666.04
A53: 50 | B53: A602 | C53: 宁剑 | G53: 556.12 | L53: 109.92 | Q53: =D53+E53+F53+G53+H53+I53+J53+K53+L53+M53+N53+O53+P53 -> 666.04
A54: 51 | B54: A603 | C54: 韦露帆 | G54: 320.26 | L54: 109.92 | Q54: =D54+E54+F54+G54+H54+I54+J54+K54+L54+M54+N54+O54+P54 -> 430.18
A55: 52 | B55: A604 | C55: 黄定军 | K55: 109.92 | L55: 109.92 | Q55: =D55+E55+F55+G55+H55+I55+J55+K55+L55+M55+N55+O55+P55 -> 219.84
A56: 53 | B56: A501 | C56: 唐运忠 | H56: 320.26 | P56: 109.92 | Q56: =D56+E56+F56+G56+H56+I56+J56+K56+L56+M56+N56+O56+P56 -> 430.18
A57: 54 | B57: A502 | C57: 宁昌妹 | G57: 320.26 | M57: 109.92 | Q57: =D57+E57+F57+G57+H57+I57+J57+K57+L57+M57+N57+O57+P57 -> 430.18
A58: 55 | B58: A503 | C58: 赵桂民 | G58: 320.26 | K58: 109.92 | P58: 109.92 | Q58: =D58+E58+F58+G58+H58+I58+J58+K58+L58+M58+N58+O58+P58 -> 540.1
A59: 56 | B59: A504 | C59: 何脉珠 | K59: 109.92 | Q59: =D59+E59+F59+G59+H59+I59+J59+K59+L59+M59+N59+O59+P59 -> 109.92
A60: 57 | B60: A401 | C60: 覃雪萍 | G60: 320.26 | J60: 109.92 | M60: 109.92 | Q60: =D60+E60+F60+G60+H60+I60+J60+K60+L60+M60+N60+O60+P60 -> 540.1
A61: 58 | B61: A402 | C61: 唐智 | L61: 109.92 | Q61: =D61+E61+F61+G61+H61+I61+J61+K61+L61+M61+N61+O61+P61 -> 109.92
A62: 59 | B62: A403 | C62: 韦光会 | H62: 556.12 | L62: 109.92 | Q62: =D62+E62+F62+G62+H62+I62+J62+K62+L62+M62+N62+O62+P62 -> 666.04
A63: 60 | B63: A404 | C63: 李远干 | G63: 320.26 | L63: 109.92 | Q63: =D63+E63+F63+G63+H63+I63+J63+K63+L63+M63+N63+O63+P63 -> 430.18
A64: 61 | B64: A301 | C64: 索文德 | P64: 109.92 | Q64: =D64+E64+F64+G64+H64+I64+J64+K64+L64+M64+N64+O64+P64 -> 109.92
A65: 62 | B65: A302 | C65: 班荣明 | L65: 109.92 | Q65: =D65+E65+F65+G65+H65+I65+J65+K65+L65+M65+N65+O65+P65 -> 109.92
A66: 63 | B66: A303 | C66: 管德明 | G66: 320.26 | M66: 109.92 | Q66: =D66+E66+F66+G66+H66+I66+J66+K66+L66+M66+N66+O66+P66 -> 430.18
A67: 64 | B67: A304 | C67: 黄朝勇 | P67: 109.92 | Q67: =D67+E67+F67+G67+H67+I67+J67+K67+L67+M67+N67+O67+P67 -> 109.92
A68: 65 | B68: B1801 | C68: 杨世永 | G68: 294.5 | P68: 101.7 | Q68: =D68+E68+F68+G68+H68+I68+J68+K68+L68+M68+N68+O68+P68 -> 396.2
A69: 66 | B69: B1802 | C69: 张永谦 | G69: 359.65 | H69: 294.5 | Q69: =D69+E69+F69+G69+H69+I69+J69+K69+L69+M69+N69+O69+P69 -> 654.15
A70: 67 | B70: B1803 | C70: 韦春梅 | G70: 294.5 | L70: 101.7 | Q70: =D70+E70+F70+G70+H70+I70+J70+K70+L70+M70+N70+O70+P70 -> 396.2
A71: 68 | B71: B1804 | C71: 杨世会 | G71: 294.5 | K71: 101.7 | Q71: =D71+E71+F71+G71+H71+I71+J71+K71+L71+M71+N71+O71+P71 -> 396.2
A72: 69 | B72: B1701 | C72: 覃海宁 | G72: 294.5 | K72: 101.7 | Q72: =D72+E72+F72+G72+H72+I72+J72+K72+L72+M72+N72+O72+P72 -> 396.2
A73: 70 | B73: B1702 | C73: 赵小华 | G73: 294.5 | K73: 101.7 | M73: 101.07 | Q73: =D73+E73+F73+G73+H73+I73+J73+K73+L73+M73+N73+O73+P73 -> 497.27
A74: 71 | B74: B1703 | C74: 兰瑞传 | G74: 294.5 | P74: 101.7 | Q74: =D74+E74+F74+G74+H74+I74+J74+K74+L74+M74+N74+O74+P74 -> 396.2
A75: 72 | B75: B1704 | C75: 李祖干 | Q75: =D75+E75+F75+G75+H75+I75+J75+K75+L75+M75+N75+O75+P75 -> 0
A76: 73 | B76: B1601 | C76: 吴胜聪 | G76: 294.5 | K76: 101.7 | Q76: =D76+E76+F76+G76+H76+I76+J76+K76+L76+M76+N76+O76+P76 -> 396.2
A77: 74 | B77: B1602 | C77: 张培训 | G77: 294.5 | M77: 101.07 | Q77: =D77+E77+F77+G77+H77+I77+J77+K77+L77+M77+N77+O77+P77 -> 395.57
A78: 75 | B78: B1603 | C78: 向凌 | G78: 360 | K78: 101.7 | Q78: =D78+E78+F78+G78+H78+I78+J78+K78+L78+M78+N78+O78+P78 -> 461.7
A79: 76 | B79: B1604 | C79: 卢运理 | L79: 101.7 | P79: 101.7 | Q79: =D79+E79+F79+G79+H79+I79+J79+K79+L79+M79+N79+O79+P79 -> 203.4
A80: 77 | B80: B1501 | C80: 黄树田 | G80: 556.12 | K80: 101.7 | Q80: =D80+E80+F80+G80+H80+I80+J80+K80+L80+M80+N80+O80+P80 -> 657.82
A81: 78 | B81: B1502 | C81: 卢秀香 | Q81: =D81+E81+F81+G81+H81+I81+J81+K81+L81+M81+N81+O81+P81 -> 0
A82: 79 | B82: B1503 | C82: 梁芸 | G82: 359.65 | P82: 101.7 | Q82: =D82+E82+F82+G82+H82+I82+J82+K82+L82+M82+N82+O82+P82 -> 461.35
A83: 80 | B83: B1504 | C83: 唐月新 | G83: 294.5 | J83: 101.7 | M83: 101.07 | Q83: =D83+E83+F83+G83+H83+I83+J83+K83+L83+M83+N83+O83+P83 -> 497.27
A84: 81 | B84: B1401 | C84: 张坤远 | K84: 101.7 | P84: 101.7 | Q84: =D84+E84+F84+G84+H84+I84+J84+K84+L84+M84+N84+O84+P84 -> 203.4
A85: 82 | B85: B1402 | C85: 唐毓辉 | K85: 101.7 | Q85: =D85+E85+F85+G85+H85+I85+J85+K85+L85+M85+N85+O85+P85 -> 101.7
A86: 83 | B86: B1403 | C86: 张庭强 | G86: 294.5 | Q86: =D86+E86+F86+G86+H86+I86+J86+K86+L86+M86+N86+O86+P86 -> 294.5
A87: 84 | B87: B1404 | C87: 杨月俞 | G87: 294.5 | O87: 101.7 | Q87: =D87+E87+F87+G87+H87+I87+J87+K87+L87+M87+N87+O87+P87 -> 396.2
A88: 85 | B88: B1301 | C88: 薛红芳 | K88: 101.7 | Q88: =D88+E88+F88+G88+H88+I88+J88+K88+L88+M88+N88+O88+P88 -> 101.7
A89: 86 | B89: B1302 | C89: 尹明亮 | G89: 294.5 | L89: 101.7 | Q89: =D89+E89+F89+G89+H89+I89+J89+K89+L89+M89+N89+O89+P89 -> 396.2
A90: 87 | B90: B1303 | C90: 黄学军 | H90: 294.5 | L90: 101.7 | Q90: =D90+E90+F90+G90+H90+I90+J90+K90+L90+M90+N90+O90+P90 -> 396.2
A91: 88 | B91: B1304 | C91: 韦水银 | K91: 101.7 | Q91: =D91+E91+F91+G91+H91+I91+J91+K91+L91+M91+N91+O91+P91 -> 101.7
A92: 89 | B92: B1201 | C92: 韦勇东 | G92: 294.5 | L92: 101.7 | Q92: =D92+E92+F92+G92+H92+I92+J92+K92+L92+M92+N92+O92+P92 -> 396.2
A93: 90 | B93: B1202 | C93: 罗其永 | G93: 294.5 | L93: 101.7 | Q93: =D93+E93+F93+G93+H93+I93+J93+K93+L93+M93+N93+O93+P93 -> 396.2
A94: 91 | B94: B1203 | C94: 廖婉 | G94: 294.5 | P94: 101.7 | Q94: =D94+E94+F94+G94+H94+I94+J94+K94+L94+M94+N94+O94+P94 -> 396.2
A95: 92 | B95: B1204 | C95: 张卫红 | H95: 294 | K95: 101.7 | L95: 101.7 | Q95: =D95+E95+F95+G95+H95+I95+J95+K95+L95+M95+N95+O95+P95 -> 497.4
A96: 93 | B96: B1101 | C96: 仇利生 | G96: 294.5 | J96: 101.7 | P96: 101.7 | Q96: =D96+E96+F96+G96+H96+I96+J96+K96+L96+M96+N96+O96+P96 -> 497.9
A97: 94 | B97: B1102 | C97: 韩雪琴 | K97: 101.7 | Q97: =D97+E97+F97+G97+H97+I97+J97+K97+L97+M97+N97+O97+P97 -> 101.7
A98: 95 | B98: B1103 | C98: 罗智云 | N98: 101.7 | Q98: =D98+E98+F98+G98+H98+I98+J98+K98+L98+M98+N98+O98+P98 -> 101.7
A99: 96 | B99: B1104 | C99: 韦丽春 | H99: 294.5 | K99: 101.7 | Q99: =D99+E99+F99+G99+H99+I99+J99+K99+L99+M99+N99+O99+P99 -> 396.2
A100: 97 | B100: B1001 | C100: 黄恒洋 | K100: 101.7 | Q100: =D100+E100+F100+G100+H100+I100+J100+K100+L100+M100+N100+O100+P100 -> 101.7
...

Sheet 2021年 
A1: 天峨县林朵林场新场部危改房AB栋2021年度电梯维护费收缴情况登记表
A2: 编制部门：天峨县林朵林场计划财务科 | O2: 单位：元
A3: 编号 | B3: 房号 | C3: 原户主 | D3: 上年余额（+）或欠交（-） | E3: 1月已交 | F3: 2月已交 | G3: 3月已交 | H3: 4月已交 | I3: 5月已交 | J3: 6月已交 | K3: 7月已交 | L3: 8月已交 | M3: 9月已交 | N3: 10月已交 | O3: 11月已交 | P3: 12月已交 | Q3: 本年余额（+）或欠交（-）
A4: 1 | B4: A1801 | C4: 韦贞鸾 | G4: 256.31 | L4: 168.6 | Q4: =D4+E4+F4+G4+H4+I4+J4+K4+L4+M4+N4+O4+P4 -> 424.91
A5: 2 | B5: A1802 | C5: 杨桂玉 | G5: 255.57 | K5: 168.6 | P5: 89.76 | Q5: =D5+E5+F5+G5+H5+I5+J5+K5+L5+M5+N5+O5+P5 -> 513.93
A6: 3 | B6: A1803 | C6: 胡远必 | G6: 256.31 | K6: 168.6 | P6: 89.76 | Q6: =D6+E6+F6+G6+H6+I6+J6+K6+L6+M6+N6+O6+P6 -> 514.67
A7: 4 | B7: A1804 | C7: 梁小凤 | G7: 256.31 | K7: 168.6 | Q7: =D7+E7+F7+G7+H7+I7+J7+K7+L7+M7+N7+O7+P7 -> 424.91
A8: 5 | B8: A1701 | C8: 陈巧玲 | G8: 256.31 | L8: 168.6 | Q8: =D8+E8+F8+G8+H8+I8+J8+K8+L8+M8+N8+O8+P8 -> 424.91
A9: 6 | B9: A1702 | C9: 周凤琼 | G9: 256.31 | K9: 168.6 | P9: 89.76 | Q9: =D9+E9+F9+G9+H9+I9+J9+K9+L9+M9+N9+O9+P9 -> 514.67
A10: 7 | B10: A1703 | C10: 班华钊 | G10: =472.1+104.47 -> 576.57 | K10: 168.6 | P10: 89.76 | Q10: =D10+E10+F10+G10+H10+I10+J10+K10+L10+M10+N10+O10+P10 -> 834.93
A11: 8 | B11: A1704 | C11: 孙慧芳 | G11: 256.31 | K11: 168.6 | P11: 89.76 | Q11: =D11+E11+F11+G11+H11+I11+J11+K11+L11+M11+N11+O11+P11 -> 514.67
A12: 9 | B12: A1601 | C12: 赵花萄 | G12: 256.31 | P12: 258.36 | Q12: =D12+E12+F12+G12+H12+I12+J12+K12+L12+M12+N12+O12+P12 -> 514.67
A13: 10 | B13: A1602 | C13: 韦玉林 | I13: 200 | K13: 256.31 | P13: 168.6 | Q13: =D13+E13+F13+G13+H13+I13+J13+K13+L13+M13+N13+O13+P13 -> 624.91
A14: 11 | B14: A1603 | C14: 李祖勋 | Q14: =D14+E14+F14+G14+H14+I14+J14+K14+L14+M14+N14+O14+P14 -> 0
A15: 12 | B15: A1604 | C15: 马尚军 | H15: 256.31 | K15: 168.6 | P15: 89.76 | Q15: =D15+E15+F15+G15+H15+I15+J15+K15+L15+M15+N15+O15+P15 -> 514.67
A16: 13 | B16: A1501 | C16: 杨凤英 | G16: 146.45 | K16: 168.6 | P16: 89.76 | Q16: =D16+E16+F16+G16+H16+I16+J16+K16+L16+M16+N16+O16+P16 -> 404.81
A17: 14 | B17: A1502 | C17: 陈曙林 | Q17: =D17+E17+F17+G17+H17+I17+J17+K17+L17+M17+N17+O17+P17 -> 0
A18: 15 | B18: A1503 | C18: 韦月鸾 | Q18: =D18+E18+F18+G18+H18+I18+J18+K18+L18+M18+N18+O18+P18 -> 0
A19: 16 | B19: A1504 | C19: 方焕忠 | G19: 256.37 | K19: 168.6 | P19: 89.76 | Q19: =D19+E19+F19+G19+H19+I19+J19+K19+L19+M19+N19+O19+P19 -> 514.73
A20: 17 | B20: A1401 | C20: 李向农 | H20: 256.31 | K20: 168.6 | P20: 89.76 | Q20: =D20+E20+F20+G20+H20+I20+J20+K20+L20+M20+N20+O20+P20 -> 514.67
A21: 18 | B21: A1402 | C21: 邓扬静 | G21: 146.39 | P21: 258.36 | Q21: =D21+E21+F21+G21+H21+I21+J21+K21+L21+M21+N21+O21+P21 -> 404.75
A22: 19 | B22: A1403 | C22: 黄光龙 | G22: 256.31 | K22: 168.6 | Q22: =D22+E22+F22+G22+H22+I22+J22+K22+L22+M22+N22+O22+P22 -> 424.91
A23: 20 | B23: A1404 | C23: 杨光权 | G23: 256.31 | K23: 168.6 | Q23: =D23+E23+F23+G23+H23+I23+J23+K23+L23+M23+N23+O23+P23 -> 424.91
A24: 21 | B24: A1301 | C24: 吴胜斌 | G24: 256.31 | K24: 168.6 | P24: 89.76 | Q24: =D24+E24+F24+G24+H24+I24+J24+K24+L24+M24+N24+O24+P24 -> 514.67
A25: 22 | B25: A1302 | C25: 韦献萍 | G25: 256.31 | K25: 168.6 | P25: 89.76 | Q25: =D25+E25+F25+G25+H25+I25+J25+K25+L25+M25+N25+O25+P25 -> 514.67
A26: 23 | B26: A1303 | C26: 黄汉冕 | K26: 256.31 | P26: 258.36 | Q26: =D26+E26+F26+G26+H26+I26+J26+K26+L26+M26+N26+O26+P26 -> 514.67
A27: 24 | B27: A1304 | C27: 梁艳红 | K27: 256.31 | P27: 258.36 | Q27: =D27+E27+F27+G27+H27+I27+J27+K27+L27+M27+N27+O27+P27 -> 514.67
A28: 25 | B28: A1201 | C28: 索邦卫 | G28: 256.31 | K28: 168.6 | P28: 89.76 | Q28: =D28+E28+F28+G28+H28+I28+J28+K28+L28+M28+N28+O28+P28 -> 514.67
A29: 26 | B29: A1202 | C29: 韦竹珍 | G29: 576.57 | P29: 258.36 | Q29: =D29+E29+F29+G29+H29+I29+J29+K29+L29+M29+N29+O29+P29 -> 834.93
A30: 27 | B30: A1203 | C30: 冉光新 | G30: 256.31 | L30: 168.6 | P30: 89.76 | Q30: =D30+E30+F30+G30+H30+I30+J30+K30+L30+M30+N30+O30+P30 -> 514.67
A31: 28 | B31: A1204 | C31: 彭鸣忠 | K31: 256.31 | P31: 258.36 | Q31: =D31+E31+F31+G31+H31+I31+J31+K31+L31+M31+N31+O31+P31 -> 514.67
A32: 29 | B32: A1103 | C32: 李莎莎 | G32: 256.31 | K32: 168.6 | P32: 89.76 | Q32: =D32+E32+F32+G32+H32+I32+J32+K32+L32+M32+N32+O32+P32 -> 514.67
A33: 30 | B33: A1104 | C33: 陈臻慧 | G33: 256.31 | K33: 168.6 | Q33: =D33+E33+F33+G33+H33+I33+J33+K33+L33+M33+N33+O33+P33 -> 424.91
A34: 31 | B34: A1101 | C34: 吴爱叶 | H34: 256.31 | L34: 168.6 | Q34: =D34+E34+F34+G34+H34+I34+J34+K34+L34+M34+N34+O34+P34 -> 424.91
A35: 32 | B35: A1102 | C35: 岑丽娟 | G35: 256.31 | K35: 168.6 | P35: 89.76 | Q35: =D35+E35+F35+G35+H35+I35+J35+K35+L35+M35+N35+O35+P35 -> 514.67
A36: 33 | B36: A1001 | C36: 黄敬财 | Q36: =D36+E36+F36+G36+H36+I36+J36+K36+L36+M36+N36+O36+P36 -> 0
A37: 34 | B37: A1002 | C37: 韦永 | G37: 256.31 | K37: 168.6 | P37: 89.76 | Q37: =D37+E37+F37+G37+H37+I37+J37+K37+L37+M37+N37+O37+P37 -> 514.67
A38: 35 | B38: A1003 | C38: 黄国华 | G38: 256.31 | K38: 168.6 | P38: 89.76 | Q38: =D38+E38+F38+G38+H38+I38+J38+K38+L38+M38+N38+O38+P38 -> 514.67
A39: 36 | B39: A1004 | C39: 樊红 | G39: 256.31 | K39: 168.6 | P39: 89.76 | Q39: =D39+E39+F39+G39+H39+I39+J39+K39+L39+M39+N39+O39+P39 -> 514.67
A40: 37 | B40: A901 | C40: 吴荣庆 | G40: 256.31 | K40: 168.6 | P40: 89.76 | Q40: =D40+E40+F40+G40+H40+I40+J40+K40+L40+M40+N40+O40+P40 -> 514.67
A41: 38 | B41: A902 | C41: 韦选康 | G41: 256.31 | K41: 168.6 | P41: 89.76 | Q41: =D41+E41+F41+G41+H41+I41+J41+K41+L41+M41+N41+O41+P41 -> 514.67
A42: 39 | B42: A903 | C42: 尹明东 | G42: 256.31 | K42: 168.6 | Q42: =D42+E42+F42+G42+H42+I42+J42+K42+L42+M42+N42+O42+P42 -> 424.91
A43: 40 | B43: A904 | C43: 赵德师 | G43: 256.31 | K43: 168.6 | P43: 89.76 | Q43: =D43+E43+F43+G43+H43+I43+J43+K43+L43+M43+N43+O43+P43 -> 514.67
A44: 41 | B44: A801 | C44: 索彩悦 | G44: 256.31 | K44: 168.6 | Q44: =D44+E44+F44+G44+H44+I44+J44+K44+L44+M44+N44+O44+P44 -> 424.91
A45: 42 | B45: A802 | C45: 梁耀兴 | G45: 256.31 | K45: 168.6 | P45: 89.76 | Q45: =D45+E45+F45+G45+H45+I45+J45+K45+L45+M45+N45+O45+P45 -> 514.67
A46: 43 | B46: A803 | C46: 孙忠权 | I46: 256.31 | K46: 256.31 | P46: 258.36 | Q46: =D46+E46+F46+G46+H46+I46+J46+K46+L46+M46+N46+O46+P46 -> 770.98
A47: 44 | B47: A804 | C47: 薛双美 | G47: 256.31 | P47: 258.36 | Q47: =D47+E47+F47+G47+H47+I47+J47+K47+L47+M47+N47+O47+P47 -> 514.67
A48: 45 | B48: A701 | C48: 张丹好 | F48: 256.31 | G48: 143.51 | K48: 168.6 | P48: 89.76 | Q48: =D48+E48+F48+G48+H48+I48+J48+K48+L48+M48+N48+O48+P48 -> 658.18
A49: 46 | B49: A702 | C49: 秦秀银 | G49: 256.31 | K49: 168.6 | P49: 89.76 | Q49: =D49+E49+F49+G49+H49+I49+J49+K49+L49+M49+N49+O49+P49 -> 514.67
A50: 47 | B50: A703 | C50: 徐永腾 | G50: 256.31 | K50: 168.6 | P50: 89.76 | Q50: =D50+E50+F50+G50+H50+I50+J50+K50+L50+M50+N50+O50+P50 -> 514.67
A51: 48 | B51: A704 | C51: 韦建良 | H51: 186.96 | K51: =183.77+168.6 -> 352.37 | L51: 72.54 | P51: 89.76 | Q51: =D51+E51+F51+G51+H51+I51+J51+K51+L51+M51+N51+O51+P51 -> 701.63
A52: 49 | B52: A601 | C52: 黄恒富 | K52: =256.31+168.6 -> 424.91 | Q52: =D52+E52+F52+G52+H52+I52+J52+K52+L52+M52+N52+O52+P52 -> 424.91
A53: 50 | B53: A602 | C53: 宁剑 | G53: 256.31 | L53: 168.6 | P53: 89.76 | Q53: =D53+E53+F53+G53+H53+I53+J53+K53+L53+M53+N53+O53+P53 -> 514.67
A54: 51 | B54: A603 | C54: 韦露帆 | G54: 256.31 | K54: 168.6 | P54: 89.76 | Q54: =D54+E54+F54+G54+H54+I54+J54+K54+L54+M54+N54+O54+P54 -> 514.67
A55: 52 | B55: A604 | C55: 黄定军 | F55: 256.31 | K55: 100 | Q55: =D55+E55+F55+G55+H55+I55+J55+K55+L55+M55+N55+O55+P55 -> 356.31
A56: 53 | B56: A501 | C56: 唐运忠 | K56: =47.29+330.83 -> 378.12 | M56: 46.79 | P56: 89.76 | Q56: =D56+E56+F56+G56+H56+I56+J56+K56+L56+M56+N56+O56+P56 -> 514.67
A57: 54 | B57: A502 | C57: 宁昌妹 | G57: 366.23 | K57: 168.6 | P57: 89.76 | Q57: =D57+E57+F57+G57+H57+I57+J57+K57+L57+M57+N57+O57+P57 -> 624.59
A58: 55 | B58: A503 | C58: 赵桂民 | G58: 146.39 | L58: 168.6 | Q58: =D58+E58+F58+G58+H58+I58+J58+K58+L58+M58+N58+O58+P58 -> 314.99
A59: 56 | B59: A504 | C59: 何脉珠 | G59: 538.44 | P59: 89.76 | Q59: =D59+E59+F59+G59+H59+I59+J59+K59+L59+M59+N59+O59+P59 -> 628.2
A60: 57 | B60: A401 | C60: 覃雪萍 | G60: 146.39 | L60: 168.6 | Q60: =D60+E60+F60+G60+H60+I60+J60+K60+L60+M60+N60+O60+P60 -> 314.99
A61: 58 | B61: A402 | C61: 唐智 | K61: 256.31 | L61: 168.6 | P61: 89.76 | Q61: =D61+E61+F61+G61+H61+I61+J61+K61+L61+M61+N61+O61+P61 -> 514.67
A62: 59 | B62: A403 | C62: 韦光会 | G62: 256.31 | K62: 168.6 | P62: 89.76 | Q62: =D62+E62+F62+G62+H62+I62+J62+K62+L62+M62+N62+O62+P62 -> 514.67
A63: 60 | B63: A404 | C63: 李远干 | G63: 256.31 | K63: 168.6 | P63: 89.76 | Q63: =D63+E63+F63+G63+H63+I63+J63+K63+L63+M63+N63+O63+P63 -> 514.67
A64: 61 | B64: A301 | C64: 索文德 | H64: 200 | K64: 168.6 | Q64: =D64+E64+F64+G64+H64+I64+J64+K64+L64+M64+N64+O64+P64 -> 368.6
A65: 62 | B65: A302 | C65: 班荣明 | G65: 168 | K65: 168.6 | P65: 89.76 | Q65: =D65+E65+F65+G65+H65+I65+J65+K65+L65+M65+N65+O65+P65 -> 426.36
A66: 63 | B66: A303 | C66: 管德明 | G66: 256.31 | K66: 168.6 | P66: 89.76 | Q66: =D66+E66+F66+G66+H66+I66+J66+K66+L66+M66+N66+O66+P66 -> 514.67
A67: 64 | B67: A304 | C67: 黄朝勇 | K67: 424.91 | P67: 89.76 | Q67: =D67+E67+F67+G67+H67+I67+J67+K67+L67+M67+N67+O67+P67 -> 514.67
A68: 65 | B68: B1801 | C68: 杨世永 | G68: 260.65 | K68: 172.32 | P68: 96.66 | Q68: =D68+E68+F68+G68+H68+I68+J68+K68+L68+M68+N68+O68+P68 -> 529.63
A69: 66 | B69: B1802 | C69: 张永谦 | G69: 362.35 | P69: 269.98 | Q69: =D69+E69+F69+G69+H69+I69+J69+K69+L69+M69+N69+O69+P69 -> 632.33
A70: 67 | B70: B1803 | C70: 韦春梅 | G70: 260.65 | K70: 173.52 | P70: 96.66 | Q70: =D70+E70+F70+G70+H70+I70+J70+K70+L70+M70+N70+O70+P70 -> 530.83
A71: 68 | B71: B1804 | C71: 杨世会 | F71: 260.65 | L71: 172.32 | P71: 96.66 | Q71: =D71+E71+F71+G71+H71+I71+J71+K71+L71+M71+N71+O71+P71 -> 529.63
A72: 69 | B72: B1701 | C72: 覃海宁 | G72: 260.65 | K72: 172.32 | P72: 96.66 | Q72: =D72+E72+F72+G72+H72+I72+J72+K72+L72+M72+N72+O72+P72 -> 529.63
A73: 70 | B73: B1702 | C73: 赵小华 | F73: 260.65 | K73: 172.32 | Q73: =D73+E73+F73+G73+H73+I73+J73+K73+L73+M73+N73+O73+P73 -> 432.97
A74: 71 | B74: B1703 | C74: 兰瑞传 | K74: 172.3 | Q74: =D74+E74+F74+G74+H74+I74+J74+K74+L74+M74+N74+O74+P74 -> 172.3
A75: 72 | B75: B1704 | C75: 李祖干 | Q75: =D75+E75+F75+G75+H75+I75+J75+K75+L75+M75+N75+O75+P75 -> 0
A76: 73 | B76: B1601 | C76: 吴胜聪 | G76: 260.65 | K76: 172.32 | P76: 96.66 | Q76: =D76+E76+F76+G76+H76+I76+J76+K76+L76+M76+N76+O76+P76 -> 529.63
A77: 74 | B77: B1602 | C77: 张培训 | G77: 260.65 | K77: 172.32 | P77: 96.66 | Q77: =D77+E77+F77+G77+H77+I77+J77+K77+L77+M77+N77+O77+P77 -> 529.63
A78: 75 | B78: B1603 | C78: 向凌 | G78: 554.89 | L78: 172.32 | P78: 90 | Q78: =D78+E78+F78+G78+H78+I78+J78+K78+L78+M78+N78+O78+P78 -> 817.21
A79: 76 | B79: B1604 | C79: 卢运理 | G79: 453.45 | K79: 172.32 | P79: 96.66 | Q79: =D79+E79+F79+G79+H79+I79+J79+K79+L79+M79+N79+O79+P79 -> 722.43
A80: 77 | B80: B1501 | C80: 黄树田 | G80: 333.07 | K80: 172.32 | P80: 96.66 | Q80: =D80+E80+F80+G80+H80+I80+J80+K80+L80+M80+N80+O80+P80 -> 602.05
A81: 78 | B81: B1502 | C81: 卢秀香 | Q81: =D81+E81+F81+G81+H81+I81+J81+K81+L81+M81+N81+O81+P81 -> 0
A82: 79 | B82: B1503 | C82: 梁芸 | G82: 555.15 | K82: 172.32 | P82: 96.66 | Q82: =D82+E82+F82+G82+H82+I82+J82+K82+L82+M82+N82+O82+P82 -> 824.13
A83: 80 | B83: B1504 | C83: 唐月新 | G83: 158.95 | L83: 172.32 | P83: 96.66 | Q83: =D83+E83+F83+G83+H83+I83+J83+K83+L83+M83+N83+O83+P83 -> 427.93
A84: 81 | B84: B1401 | C84: 张坤远 | I84: 100 | K84: 160.65 | L84: 160.65 | P84: 96.66 | Q84: =D84+E84+F84+G84+H84+I84+J84+K84+L84+M84+N84+O84+P84 -> 517.96
A85: 82 | B85: B1402 | C85: 唐毓辉 | G85: 555.15 | K85: 172.32 | P85: 96.66 | Q85: =D85+E85+F85+G85+H85+I85+J85+K85+L85+M85+N85+O85+P85 -> 824.13
A86: 83 | B86: B1403 | C86: 张庭强 | K86: 260.65 | P86: 269.98 | Q86: =D86+E86+F86+G86+H86+I86+J86+K86+L86+M86+N86+O86+P86 -> 530.63
A87: 84 | B87: B1404 | C87: 杨月俞 | G87: 260.65 | K87: 172.32 | P87: 96.66 | Q87: =D87+E87+F87+G87+H87+I87+J87+K87+L87+M87+N87+O87+P87 -> 529.63
A88: 85 | B88: B1301 | C88: 薛红芳 | G88: 483.05 | K88: 172.32 | P88: 96.66 | Q88: =D88+E88+F88+G88+H88+I88+J88+K88+L88+M88+N88+O88+P88 -> 752.03
A89: 86 | B89: B1302 | C89: 尹明亮 | G89: 260.65 | K89: 172.32 | P89: 96.66 | Q89: =D89+E89+F89+G89+H89+I89+J89+K89+L89+M89+N89+O89+P89 -> 529.63
A90: 87 | B90: B1303 | C90: 黄学军 | G90: 260.65 | L90: 172.32 | P90: 96.66 | Q90: =D90+E90+F90+G90+H90+I90+J90+K90+L90+M90+N90+O90+P90 -> 529.63
A91: 88 | B91: B1304 | C91: 韦水银 | G91: 544.32 | K91: 172.32 | P91: 96.66 | Q91: =D91+E91+F91+G91+H91+I91+J91+K91+L91+M91+N91+O91+P91 -> 813.3
A92: 89 | B92: B1201 | C92: 韦勇东 | G92: 260.65 | K92: 172.32 | P92: 96.66 | Q92: =D92+E92+F92+G92+H92+I92+J92+K92+L92+M92+N92+O92+P92 -> 529.63
A93: 90 | B93: B1202 | C93: 罗其永 | G93: 260.65 | K93: 172.32 | P93: 96.66 | Q93: =D93+E93+F93+G93+H93+I93+J93+K93+L93+M93+N93+O93+P93 -> 529.63
A94: 91 | B94: B1203 | C94: 廖婉 | K94: 432.97 | P94: 96.66 | Q94: =D94+E94+F94+G94+H94+I94+J94+K94+L94+M94+N94+O94+P94 -> 529.63
A95: 92 | B95: B1204 | C95: 张卫红 | F95: 261.15 | K95: 172.32 | P95: 96.66 | Q95: =D95+E95+F95+G95+H95+I95+J95+K95+L95+M95+N95+O95+P95 -> 530.13
A96: 93 | B96: B1101 | C96: 仇利生 | K96: 260.65 | M96: 172.32 | Q96: =D96+E96+F96+G96+H96+I96+J96+K96+L96+M96+N96+O96+P96 -> 432.97
A97: 94 | B97: B1102 | C97: 韩雪琴 | M97: 172.32 | P97: 96.66 | Q97: =D97+E97+F97+G97+H97+I97+J97+K97+L97+M97+N97+O97+P97 -> 268.98
A98: 95 | B98: B1103 | C98: 罗智云 | G98: 453.45 | M98: 172.32 | Q98: =D98+E98+F98+G98+H98+I98+J98+K98+L98+M98+N98+O98+P98 -> 625.77
A99: 96 | B99: B1104 | C99: 韦丽春 | G99: 260.65 | K99: 172.32 | P99: 96.66 | Q99: =D99+E99+F99+G99+H99+I99+J99+K99+L99+M99+N99+O99+P99 -> 529.63
A100: 97 | B100: B1001 | C100: 黄恒洋 | G100: 490.83 | K100: 172.32 | P100: 96.66 | Q100: =D100+E100+F100+G100+H100+I100+J100+K100+L100+M100+N100+O100+P100 -> 759.81
...

Sheet 2022年 
A1: 天峨县林朵林场新场部危改房AB栋2022年度电梯维护费收缴情况登记表
A2: 编制部门：天峨县林朵林场计划财务科 | O2: 单位：元
A3: 编号 | B3: 房号 | C3: 原户主 | D3: 上年余额（+）或欠交（-） | E3: 1月已交 | F3: 2月已交 | G3: 3月已交 | H3: 4月已交 | I3: 5月已交 | J3: 6月已交 | K3: 7月已交 | L3: 8月已交 | M3: 9月已交 | N3: 10月已交 | O3: 11月已交 | P3: 12月已交 | Q3: 本年余额（+）或欠交（-）
A4: 1 | B4: A1801 | C4: 韦贞鸾 | F4: 83.64 | G4: 6.15 | J4: 133.52 | Q4: =D4+E4+F4+G4+H4+I4+J4+K4+L4+M4+N4+O4+P4 -> 223.31
A5: 2 | B5: A1802 | C5: 杨桂玉 | J5: 133.52 | Q5: =D5+E5+F5+G5+H5+I5+J5+K5+L5+M5+N5+O5+P5 -> 133.52
A6: 3 | B6: A1803 | C6: 胡远必 | K6: 133.52 | Q6: =D6+E6+F6+G6+H6+I6+J6+K6+L6+M6+N6+O6+P6 -> 133.52
A7: 4 | B7: A1804 | C7: 梁小凤 | F7: 89.79 | Q7: =D7+E7+F7+G7+H7+I7+J7+K7+L7+M7+N7+O7+P7 -> 89.79
A8: 5 | B8: A1701 | C8: 陈巧玲 | E8: 89.79 | J8: 133.52 | Q8: =D8+E8+F8+G8+H8+I8+J8+K8+L8+M8+N8+O8+P8 -> 223.31
A9: 6 | B9: A1702 | C9: 周凤琼 | K9: 133.52 | Q9: =D9+E9+F9+G9+H9+I9+J9+K9+L9+M9+N9+O9+P9 -> 133.52
A10: 7 | B10: A1703 | C10: 班华钊 | J10: 133.52 | Q10: =D10+E10+F10+G10+H10+I10+J10+K10+L10+M10+N10+O10+P10 -> 133.52
A11: 8 | B11: A1704 | C11: 孙慧芳 | Q11: =D11+E11+F11+G11+H11+I11+J11+K11+L11+M11+N11+O11+P11 -> 0
A12: 9 | B12: A1601 | C12: 赵花萄 | J12: 133.52 | Q12: =D12+E12+F12+G12+H12+I12+J12+K12+L12+M12+N12+O12+P12 -> 133.52
A13: 10 | B13: A1602 | C13: 韦玉林 | F13: 89.79 | Q13: =D13+E13+F13+G13+H13+I13+J13+K13+L13+M13+N13+O13+P13 -> 89.79
A14: 11 | B14: A1603 | C14: 李祖勋 | E14: 89.79 | K14: 133.52 | Q14: =D14+E14+F14+G14+H14+I14+J14+K14+L14+M14+N14+O14+P14 -> 223.31
A15: 12 | B15: A1604 | C15: 马尚军 | J15: 133.52 | Q15: =D15+E15+F15+G15+H15+I15+J15+K15+L15+M15+N15+O15+P15 -> 133.52
A16: 13 | B16: A1501 | C16: 杨凤英 | J16: 133.52 | Q16: =D16+E16+F16+G16+H16+I16+J16+K16+L16+M16+N16+O16+P16 -> 133.52
A17: 14 | B17: A1502 | C17: 陈曙林 | Q17: =D17+E17+F17+G17+H17+I17+J17+K17+L17+M17+N17+O17+P17 -> 0
A18: 15 | B18: A1503 | C18: 韦月鸾 | Q18: =D18+E18+F18+G18+H18+I18+J18+K18+L18+M18+N18+O18+P18 -> 0
A19: 16 | B19: A1504 | C19: 方焕忠 | J19: 133.52 | Q19: =D19+E19+F19+G19+H19+I19+J19+K19+L19+M19+N19+O19+P19 -> 133.52
A20: 17 | B20: A1401 | C20: 李向农 | K20: 133.52 | Q20: =D20+E20+F20+G20+H20+I20+J20+K20+L20+M20+N20+O20+P20 -> 133.52
A21: 18 | B21: A1402 | C21: 邓扬静 | J21: 133.52 | Q21: =D21+E21+F21+G21+H21+I21+J21+K21+L21+M21+N21+O21+P21 -> 133.52
A22: 19 | B22: A1403 | C22: 黄光龙 | E22: 89.79 | L22: 133.52 | Q22: =D22+E22+F22+G22+H22+I22+J22+K22+L22+M22+N22+O22+P22 -> 223.31
A23: 20 | B23: A1404 | C23: 杨光权 | E23: 89.79 | K23: 133.52 | Q23: =D23+E23+F23+G23+H23+I23+J23+K23+L23+M23+N23+O23+P23 -> 223.31
A24: 21 | B24: A1301 | C24: 吴胜斌 | J24: 133.52 | Q24: =D24+E24+F24+G24+H24+I24+J24+K24+L24+M24+N24+O24+P24 -> 133.52
A25: 22 | B25: A1302 | C25: 韦献萍 | L25: 133.52 | Q25: =D25+E25+F25+G25+H25+I25+J25+K25+L25+M25+N25+O25+P25 -> 133.52
A26: 23 | B26: A1303 | C26: 黄汉冕 | O26: 133.52 | Q26: =D26+E26+F26+G26+H26+I26+J26+K26+L26+M26+N26+O26+P26 -> 133.52
A27: 24 | B27: A1304 | C27: 梁艳红 | Q27: =D27+E27+F27+G27+H27+I27+J27+K27+L27+M27+N27+O27+P27 -> 0
A28: 25 | B28: A1201 | C28: 索邦卫 | J28: 133.52 | Q28: =D28+E28+F28+G28+H28+I28+J28+K28+L28+M28+N28+O28+P28 -> 133.52
A29: 26 | B29: A1202 | C29: 韦竹珍 | K29: 133.52 | Q29: =D29+E29+F29+G29+H29+I29+J29+K29+L29+M29+N29+O29+P29 -> 133.52
A30: 27 | B30: A1203 | C30: 冉光新 | J30: 129.97 | K30: 3.55 | Q30: =D30+E30+F30+G30+H30+I30+J30+K30+L30+M30+N30+O30+P30 -> 133.52
A31: 28 | B31: A1204 | C31: 彭鸣忠 | Q31: =D31+E31+F31+G31+H31+I31+J31+K31+L31+M31+N31+O31+P31 -> 0
A32: 29 | B32: A1103 | C32: 李莎莎 | J32: 133.52 | Q32: =D32+E32+F32+G32+H32+I32+J32+K32+L32+M32+N32+O32+P32 -> 133.52
A33: 30 | B33: A1104 | C33: 陈臻慧 | G33: 89.79 | K33: 133.52 | Q33: =D33+E33+F33+G33+H33+I33+J33+K33+L33+M33+N33+O33+P33 -> 223.31
A34: 31 | B34: A1101 | C34: 吴爱叶 | E34: 89.76 | J34: 110 | Q34: =D34+E34+F34+G34+H34+I34+J34+K34+L34+M34+N34+O34+P34 -> 199.76
A35: 32 | B35: A1102 | C35: 岑丽娟 | J35: 133.52 | Q35: =D35+E35+F35+G35+H35+I35+J35+K35+L35+M35+N35+O35+P35 -> 133.52
A36: 33 | B36: A1001 | C36: 黄敬财 | Q36: =D36+E36+F36+G36+H36+I36+J36+K36+L36+M36+N36+O36+P36 -> 0
A37: 34 | B37: A1002 | C37: 韦永 | Q37: =D37+E37+F37+G37+H37+I37+J37+K37+L37+M37+N37+O37+P37 -> 0
A38: 35 | B38: A1003 | C38: 黄国华 | J38: 133.52 | Q38: =D38+E38+F38+G38+H38+I38+J38+K38+L38+M38+N38+O38+P38 -> 133.52
A39: 36 | B39: A1004 | C39: 樊红 | J39: 133.52 | Q39: =D39+E39+F39+G39+H39+I39+J39+K39+L39+M39+N39+O39+P39 -> 133.52
A40: 37 | B40: A901 | C40: 吴荣庆 | J40: 133.52 | Q40: =D40+E40+F40+G40+H40+I40+J40+K40+L40+M40+N40+O40+P40 -> 133.52
A41: 38 | B41: A902 | C41: 韦选康 | J41: 133.52 | Q41: =D41+E41+F41+G41+H41+I41+J41+K41+L41+M41+N41+O41+P41 -> 133.52
A42: 39 | B42: A903 | C42: 尹明东 | F42: 89.79 | K42: 133.52 | M42: 133.52 | Q42: =D42+E42+F42+G42+H42+I42+J42+K42+L42+M42+N42+O42+P42 -> 356.83
A43: 40 | B43: A904 | C43: 赵德师 | M43: 133.52 | Q43: =D43+E43+F43+G43+H43+I43+J43+K43+L43+M43+N43+O43+P43 -> 133.52
A44: 41 | B44: A801 | C44: 索彩悦 | E44: 89.79 | J44: 133.52 | Q44: =D44+E44+F44+G44+H44+I44+J44+K44+L44+M44+N44+O44+P44 -> 223.31
A45: 42 | B45: A802 | C45: 梁耀兴 | J45: 133.52 | Q45: =D45+E45+F45+G45+H45+I45+J45+K45+L45+M45+N45+O45+P45 -> 133.52
A46: 43 | B46: A803 | C46: 孙忠权 | Q46: =D46+E46+F46+G46+H46+I46+J46+K46+L46+M46+N46+O46+P46 -> 0
A47: 44 | B47: A804 | C47: 薛双美 | Q47: =D47+E47+F47+G47+H47+I47+J47+K47+L47+M47+N47+O47+P47 -> 0
A48: 45 | B48: A701 | C48: 张丹好 | J48: 133.52 | Q48: =D48+E48+F48+G48+H48+I48+J48+K48+L48+M48+N48+O48+P48 -> 133.52
A49: 46 | B49: A702 | C49: 秦秀银 | J49: 133.52 | Q49: =D49+E49+F49+G49+H49+I49+J49+K49+L49+M49+N49+O49+P49 -> 133.52
A50: 47 | B50: A703 | C50: 徐永腾 | P50: 133.52 | Q50: =D50+E50+F50+G50+H50+I50+J50+K50+L50+M50+N50+O50+P50 -> 133.52
A51: 48 | B51: A704 | C51: 韦建良 | J51: 133.52 | Q51: =D51+E51+F51+G51+H51+I51+J51+K51+L51+M51+N51+O51+P51 -> 133.52
A52: 49 | B52: A601 | C52: 黄恒富 | F52: 89.79 | Q52: =D52+E52+F52+G52+H52+I52+J52+K52+L52+M52+N52+O52+P52 -> 89.79
A53: 50 | B53: A602 | C53: 宁剑 | J53: 133.52 | Q53: =D53+E53+F53+G53+H53+I53+J53+K53+L53+M53+N53+O53+P53 -> 133.52
A54: 51 | B54: A603 | C54: 韦露帆 | J54: 133.52 | Q54: =D54+E54+F54+G54+H54+I54+J54+K54+L54+M54+N54+O54+P54 -> 133.52
A55: 52 | B55: A604 | C55: 黄定军 | G55: 89.79 | J55: 133.52 | Q55: =D55+E55+F55+G55+H55+I55+J55+K55+L55+M55+N55+O55+P55 -> 223.31
A56: 53 | B56: A501 | C56: 唐运忠 | J56: 133.52 | Q56: =D56+E56+F56+G56+H56+I56+J56+K56+L56+M56+N56+O56+P56 -> 133.52
A57: 54 | B57: A502 | C57: 宁昌妹 | J57: 133.52 | Q57: =D57+E57+F57+G57+H57+I57+J57+K57+L57+M57+N57+O57+P57 -> 133.52
A58: 55 | B58: A503 | C58: 赵桂民 | E58: 89.79 | J58: 133.52 | Q58: =D58+E58+F58+G58+H58+I58+J58+K58+L58+M58+N58+O58+P58 -> 223.31
A59: 56 | B59: A504 | C59: 何脉珠 | J59: 133.52 | Q59: =D59+E59+F59+G59+H59+I59+J59+K59+L59+M59+N59+O59+P59 -> 133.52
A60: 57 | B60: A401 | C60: 覃雪萍 | E60: 89.79 | L60: 133.52 | Q60: =D60+E60+F60+G60+H60+I60+J60+K60+L60+M60+N60+O60+P60 -> 223.31
A61: 58 | B61: A402 | C61: 唐智 | O61: 133.52 | Q61: =D61+E61+F61+G61+H61+I61+J61+K61+L61+M61+N61+O61+P61 -> 133.52
A62: 59 | B62: A403 | C62: 韦光会 | J62: 133.52 | Q62: =D62+E62+F62+G62+H62+I62+J62+K62+L62+M62+N62+O62+P62 -> 133.52
A63: 60 | B63: A404 | C63: 李远干 | N63: 133.52 | O63: 133.52 | Q63: =D63+E63+F63+G63+H63+I63+J63+K63+L63+M63+N63+O63+P63 -> 267.04
A64: 61 | B64: A301 | C64: 索文德 | E64: 89.79 | J64: 133.52 | Q64: =D64+E64+F64+G64+H64+I64+J64+K64+L64+M64+N64+O64+P64 -> 223.31
A65: 62 | B65: A302 | C65: 班荣明 | J65: 133.52 | Q65: =D65+E65+F65+G65+H65+I65+J65+K65+L65+M65+N65+O65+P65 -> 133.52
A66: 63 | B66: A303 | C66: 管德明 | J66: 133.52 | Q66: =D66+E66+F66+G66+H66+I66+J66+K66+L66+M66+N66+O66+P66 -> 133.52
A67: 64 | B67: A304 | C67: 黄朝勇 | K67: 133.52 | Q67: =D67+E67+F67+G67+H67+I67+J67+K67+L67+M67+N67+O67+P67 -> 133.52
A68: 65 | B68: B1801 | C68: 杨世永 | K68: 115.32 | Q68: =D68+E68+F68+G68+H68+I68+J68+K68+L68+M68+N68+O68+P68 -> 115.32
A69: 66 | B69: B1802 | C69: 张永谦 | N69: 115.32 | Q69: =D69+E69+F69+G69+H69+I69+J69+K69+L69+M69+N69+O69+P69 -> 115.32
A70: 67 | B70: B1803 | C70: 韦春梅 | Q70: =D70+E70+F70+G70+H70+I70+J70+K70+L70+M70+N70+O70+P70 -> 0
A71: 68 | B71: B1804 | C71: 杨世会 | J71: 115.32 | Q71: =D71+E71+F71+G71+H71+I71+J71+K71+L71+M71+N71+O71+P71 -> 115.32
A72: 69 | B72: B1701 | C72: 覃海宁 | J72: 115.32 | Q72: =D72+E72+F72+G72+H72+I72+J72+K72+L72+M72+N72+O72+P72 -> 115.32
A73: 70 | B73: B1702 | C73: 赵小华 | F73: 96.66 | M73: 115.32 | Q73: =D73+E73+F73+G73+H73+I73+J73+K73+L73+M73+N73+O73+P73 -> 211.98
A74: 71 | B74: B1703 | C74: 兰瑞传 | K74: 115.32 | Q74: =D74+E74+F74+G74+H74+I74+J74+K74+L74+M74+N74+O74+P74 -> 115.32
A75: 72 | B75: B1704 | C75: 李祖干 | Q75: =D75+E75+F75+G75+H75+I75+J75+K75+L75+M75+N75+O75+P75 -> 0
A76: 73 | B76: B1601 | C76: 吴胜聪 | L76: 115.32 | Q76: =D76+E76+F76+G76+H76+I76+J76+K76+L76+M76+N76+O76+P76 -> 115.32
A77: 74 | B77: B1602 | C77: 张培训 | Q77: =D77+E77+F77+G77+H77+I77+J77+K77+L77+M77+N77+O77+P77 -> 0
A78: 75 | B78: B1603 | C78: 向凌 | F78: 6.66 | J78: 115.32 | Q78: =D78+E78+F78+G78+H78+I78+J78+K78+L78+M78+N78+O78+P78 -> 121.98
A79: 76 | B79: B1604 | C79: 卢运理 | J79: 115.32 | Q79: =D79+E79+F79+G79+H79+I79+J79+K79+L79+M79+N79+O79+P79 -> 115.32
A80: 77 | B80: B1501 | C80: 黄树田 | J80: 115.32 | Q80: =D80+E80+F80+G80+H80+I80+J80+K80+L80+M80+N80+O80+P80 -> 115.32
A81: 78 | B81: B1502 | C81: 卢秀香 | Q81: =D81+E81+F81+G81+H81+I81+J81+K81+L81+M81+N81+O81+P81 -> 0
A82: 79 | B82: B1503 | C82: 梁芸 | N82: 115.32 | Q82: =D82+E82+F82+G82+H82+I82+J82+K82+L82+M82+N82+O82+P82 -> 115.32
A83: 80 | B83: B1504 | C83: 唐月新 | J83: 115.32 | Q83: =D83+E83+F83+G83+H83+I83+J83+K83+L83+M83+N83+O83+P83 -> 115.32
A84: 81 | B84: B1401 | C84: 张坤远 | J84: 115.32 | Q84: =D84+E84+F84+G84+H84+I84+J84+K84+L84+M84+N84+O84+P84 -> 115.32
A85: 82 | B85: B1402 | C85: 唐毓辉 | Q85: =D85+E85+F85+G85+H85+I85+J85+K85+L85+M85+N85+O85+P85 -> 0
A86: 83 | B86: B1403 | C86: 张庭强 | M86: 115.32 | Q86: =D86+E86+F86+G86+H86+I86+J86+K86+L86+M86+N86+O86+P86 -> 115.32
A87: 84 | B87: B1404 | C87: 杨月俞 | J87: 115.32 | Q87: =D87+E87+F87+G87+H87+I87+J87+K87+L87+M87+N87+O87+P87 -> 115.32
A88: 85 | B88: B1301 | C88: 薛红芳 | K88: 115.32 | Q88: =D88+E88+F88+G88+H88+I88+J88+K88+L88+M88+N88+O88+P88 -> 115.32
A89: 86 | B89: B1302 | C89: 尹明亮 | J89: 115.32 | Q89: =D89+E89+F89+G89+H89+I89+J89+K89+L89+M89+N89+O89+P89 -> 115.32
A90: 87 | B90: B1303 | C90: 黄学军 | J90: 115.32 | Q90: =D90+E90+F90+G90+H90+I90+J90+K90+L90+M90+N90+O90+P90 -> 115.32
A91: 88 | B91: B1304 | C91: 韦水银 | K91: 115.32 | Q91: =D91+E91+F91+G91+H91+I91+J91+K91+L91+M91+N91+O91+P91 -> 115.32
A92: 89 | B92: B1201 | C92: 韦勇东 | J92: 115.32 | Q92: =D92+E92+F92+G92+H92+I92+J92+K92+L92+M92+N92+O92+P92 -> 115.32
A93: 90 | B93: B1202 | C93: 罗其永 | Q93: =D93+E93+F93+G93+H93+I93+J93+K93+L93+M93+N93+O93+P93 -> 0
A94: 91 | B94: B1203 | C94: 廖婉 | J94: 115.32 | Q94: =D94+E94+F94+G94+H94+I94+J94+K94+L94+M94+N94+O94+P94 -> 115.32
A95: 92 | B95: B1204 | C95: 张卫红 | J95: 115.32 | Q95: =D95+E95+F95+G95+H95+I95+J95+K95+L95+M95+N95+O95+P95 -> 115.32
A96: 93 | B96: B1101 | C96: 仇利生 | F96: 96.66 | M96: 115.32 | Q96: =D96+E96+F96+G96+H96+I96+J96+K96+L96+M96+N96+O96+P96 -> 211.98
A97: 94 | B97: B1102 | C97: 韩雪琴 | M97: 115.32 | Q97: =D97+E97+F97+G97+H97+I97+J97+K97+L97+M97+N97+O97+P97 -> 115.32
A98: 95 | B98: B1103 | C98: 罗智云 | E98: 96.66 | K98: 115.32 | Q98: =D98+E98+F98+G98+H98+I98+J98+K98+L98+M98+N98+O98+P98 -> 211.98
A99: 96 | B99: B1104 | C99: 韦丽春 | J99: 115.32 | Q99: =D99+E99+F99+G99+H99+I99+J99+K99+L99+M99+N99+O99+P99 -> 115.32
A100: 97 | B100: B1001 | C100: 黄恒洋 | J100: 115.32 | Q100: =D100+E100+F100+G100+H100+I100+J100+K100+L100+M100+N100+O100+P100 -> 115.32
...

Sheet 2023年 
A1: 天峨县林朵林场新场部危改房AB栋2023年度电梯维护费收缴情况登记表
A2: 编制部门：天峨县林朵林场计划财务科 | O2: 单位：元
A3: 编号 | B3: 房号 | C3: 原户主 | D3: 上年余额（+）或欠交（-） | E3: 1月已交 | F3: 2月已交 | G3: 3月已交 | H3: 4月已交 | I3: 5月已交 | J3: 6月已交 | K3: 7月已交 | L3: 8月已交 | M3: 9月已交 | N3: 10月已交 | O3: 11月已交 | P3: 12月已交 | Q3: 本年余额（+）或欠交（-）
A4: 1 | B4: A1801 | C4: 韦贞鸾 | H4: 0 | I4: 217.78 | J4: 0 | Q4: =D4+E4+F4+G4+H4+I4+J4+K4+L4+M4+N4+O4+P4 -> 217.78
A5: 2 | B5: A1802 | C5: 杨桂玉 | G5: 149.18 | H5: 0 | I5: 217.78 | J5: 0 | Q5: =D5+E5+F5+G5+H5+I5+J5+K5+L5+M5+N5+O5+P5 -> 366.96
A6: 3 | B6: A1803 | C6: 胡远必 | H6: 0 | I6: 366.96 | J6: 0 | Q6: =D6+E6+F6+G6+H6+I6+J6+K6+L6+M6+N6+O6+P6 -> 366.96
A7: 4 | B7: A1804 | C7: 梁小凤 | G7: 282.7 | H7: 0 | I7: 0 | J7: 0 | Q7: =D7+E7+F7+G7+H7+I7+J7+K7+L7+M7+N7+O7+P7 -> 282.7
A8: 5 | B8: A1701 | C8: 陈巧玲 | G8: 149.18 | H8: 0 | I8: 217.78 | J8: 0 | Q8: =D8+E8+F8+G8+H8+I8+J8+K8+L8+M8+N8+O8+P8 -> 366.96
A9: 6 | B9: A1702 | C9: 周凤琼 | G9: 149.18 | H9: 0 | I9: 217.78 | J9: 0 | Q9: =D9+E9+F9+G9+H9+I9+J9+K9+L9+M9+N9+O9+P9 -> 366.96
A10: 7 | B10: A1703 | C10: 班华钊 | G10: 149.18 | H10: 0 | I10: 217.78 | J10: 0 | Q10: =D10+E10+F10+G10+H10+I10+J10+K10+L10+M10+N10+O10+P10 -> 366.96
A11: 8 | B11: A1704 | C11: 孙慧芳 | G11: 149.18 | H11: 0 | I11: 0 | J11: 366.96 | Q11: =D11+E11+F11+G11+H11+I11+J11+K11+L11+M11+N11+O11+P11 -> 516.14
A12: 9 | B12: A1601 | C12: 赵花萄 | G12: 149.18 | H12: 0 | I12: 0 | J12: 366.96 | Q12: =D12+E12+F12+G12+H12+I12+J12+K12+L12+M12+N12+O12+P12 -> 516.14
A13: 10 | B13: A1602 | C13: 韦玉林 | H13: 0 | I13: 0 | J13: 0 | Q13: =D13+E13+F13+G13+H13+I13+J13+K13+L13+M13+N13+O13+P13 -> 0
A14: 11 | B14: A1603 | C14: 李祖勋 | G14: 149.18 | H14: 0 | I14: 0 | J14: 0 | L14: 366.96 | O14: 366.96 | Q14: =D14+E14+F14+G14+H14+I14+J14+K14+L14+M14+N14+O14+P14 -> 883.1
A15: 12 | B15: A1604 | C15: 马尚军 | G15: 149.18 | H15: 217.78 | I15: 0 | J15: 0 | L15: 0 | Q15: =D15+E15+F15+G15+H15+I15+J15+K15+L15+M15+N15+O15+P15 -> 366.96
A16: 13 | B16: A1501 | C16: 杨凤英 | G16: 149.18 | H16: 0 | I16: 217.78 | J16: 0 | L16: 0 | Q16: =D16+E16+F16+G16+H16+I16+J16+K16+L16+M16+N16+O16+P16 -> 366.96
A17: 14 | B17: A1502 | C17: 陈曙林 | H17: 0 | I17: 0 | J17: 0 | L17: 0 | Q17: =D17+E17+F17+G17+H17+I17+J17+K17+L17+M17+N17+O17+P17 -> 0
A18: 15 | B18: A1503 | C18: 韦月鸾 | H18: 0 | I18: 0 | J18: 0 | L18: 0 | Q18: =D18+E18+F18+G18+H18+I18+J18+K18+L18+M18+N18+O18+P18 -> 0
A19: 16 | B19: A1504 | C19: 方焕忠 | G19: 149.18 | H19: 0 | I19: 217.78 | J19: 0 | L19: 0 | Q19: =D19+E19+F19+G19+H19+I19+J19+K19+L19+M19+N19+O19+P19 -> 366.96
A20: 17 | B20: A1401 | C20: 李向农 | G20: 149.18 | H20: 0 | I20: 0 | J20: 0 | K20: 366.96 | L20: 0 | Q20: =D20+E20+F20+G20+H20+I20+J20+K20+L20+M20+N20+O20+P20 -> 516.14
A21: 18 | B21: A1402 | C21: 邓扬静 | G21: 149.18 | H21: 0 | I21: 217.78 | J21: 0 | K21: 0 | L21: 0 | Q21: =D21+E21+F21+G21+H21+I21+J21+K21+L21+M21+N21+O21+P21 -> 366.96
A22: 19 | B22: A1403 | C22: 黄光龙 | G22: 149.18 | H22: 0 | I22: 0 | J22: 366.96 | K22: 0 | L22: 0 | Q22: =D22+E22+F22+G22+H22+I22+J22+K22+L22+M22+N22+O22+P22 -> 516.14
A23: 20 | B23: A1404 | C23: 杨光权 | G23: 149.18 | H23: 217.78 | I23: 0 | J23: 0 | K23: 0 | L23: 0 | Q23: =D23+E23+F23+G23+H23+I23+J23+K23+L23+M23+N23+O23+P23 -> 366.96
A24: 21 | B24: A1301 | C24: 吴胜斌 | G24: 149.18 | H24: 0 | I24: 217.78 | J24: 0 | K24: 0 | L24: 0 | Q24: =D24+E24+F24+G24+H24+I24+J24+K24+L24+M24+N24+O24+P24 -> 366.96
A25: 22 | B25: A1302 | C25: 韦献萍 | H25: 0 | I25: 0 | J25: 0 | K25: 0 | L25: 500.48 | Q25: =D25+E25+F25+G25+H25+I25+J25+K25+L25+M25+N25+O25+P25 -> 500.48
A26: 23 | B26: A1303 | C26: 黄汉冕 | G26: 149.18 | H26: 0 | I26: 217.78 | J26: 0 | K26: 0 | L26: 0 | Q26: =D26+E26+F26+G26+H26+I26+J26+K26+L26+M26+N26+O26+P26 -> 366.96
A27: 24 | B27: A1304 | C27: 梁艳红 | H27: 0 | I27: 0 | J27: 500.48 | K27: 0 | L27: 0 | Q27: =D27+E27+F27+G27+H27+I27+J27+K27+L27+M27+N27+O27+P27 -> 500.48
A28: 25 | B28: A1201 | C28: 索邦卫 | G28: 149.18 | H28: 0 | I28: 217.78 | J28: 0 | K28: 0 | L28: 0 | Q28: =D28+E28+F28+G28+H28+I28+J28+K28+L28+M28+N28+O28+P28 -> 366.96
A29: 26 | B29: A1202 | C29: 韦竹珍 | G29: 149.18 | H29: 0 | I29: 217.78 | J29: 0 | K29: 0 | L29: 0 | Q29: =D29+E29+F29+G29+H29+I29+J29+K29+L29+M29+N29+O29+P29 -> 366.96
A30: 27 | B30: A1203 | C30: 冉光新 | G30: 149.18 | H30: 0 | I30: 217.78 | J30: 0 | K30: 0 | L30: 0 | Q30: =D30+E30+F30+G30+H30+I30+J30+K30+L30+M30+N30+O30+P30 -> 366.96
A31: 28 | B31: A1204 | C31: 彭鸣忠 | H31: 0 | I31: 0 | J31: 0 | K31: 0 | L31: 0 | M31: 500.48 | Q31: =D31+E31+F31+G31+H31+I31+J31+K31+L31+M31+N31+O31+P31 -> 500.48
A32: 29 | B32: A1103 | C32: 李莎莎 | G32: 149.18 | H32: 0 | I32: 217.78 | J32: 0 | K32: 0 | L32: 0 | M32: 0 | Q32: =D32+E32+F32+G32+H32+I32+J32+K32+L32+M32+N32+O32+P32 -> 366.96
A33: 30 | B33: A1104 | C33: 陈臻慧 | H33: 0 | I33: 366.96 | J33: 0 | K33: 0 | L33: 0 | M33: 0 | Q33: =D33+E33+F33+G33+H33+I33+J33+K33+L33+M33+N33+O33+P33 -> 366.96
A34: 31 | B34: A1101 | C34: 吴爱叶 | H34: 366.96 | I34: 0 | J34: 0 | K34: 0 | L34: 0 | M34: 0 | Q34: =D34+E34+F34+G34+H34+I34+J34+K34+L34+M34+N34+O34+P34 -> 366.96
A35: 32 | B35: A1102 | C35: 岑丽娟 | G35: 149.18 | H35: 217.78 | I35: 0 | J35: 0 | K35: 0 | L35: 0 | M35: 0 | Q35: =D35+E35+F35+G35+H35+I35+J35+K35+L35+M35+N35+O35+P35 -> 366.96
A36: 33 | B36: A1001 | C36: 黄敬财 | H36: 0 | I36: 0 | J36: 0 | K36: 0 | L36: 0 | M36: 0 | Q36: =D36+E36+F36+G36+H36+I36+J36+K36+L36+M36+N36+O36+P36 -> 0
A37: 34 | B37: A1002 | C37: 韦永 | E37: 133.52 | H37: 0 | I37: 366.96 | J37: 0 | K37: 0 | L37: 0 | M37: 0 | Q37: =D37+E37+F37+G37+H37+I37+J37+K37+L37+M37+N37+O37+P37 -> 500.48
A38: 35 | B38: A1003 | C38: 黄国华 | G38: 149.18 | H38: 0 | I38: 217.78 | J38: 0 | K38: 0 | L38: 0 | M38: 0 | Q38: =D38+E38+F38+G38+H38+I38+J38+K38+L38+M38+N38+O38+P38 -> 366.96
A39: 36 | B39: A1004 | C39: 樊红 | H39: 366.96 | I39: 0 | J39: 0 | K39: 0 | L39: 0 | M39: 0 | Q39: =D39+E39+F39+G39+H39+I39+J39+K39+L39+M39+N39+O39+P39 -> 366.96
A40: 37 | B40: A901 | C40: 吴荣庆 | H40: 366.96 | I40: 0 | J40: 0 | K40: 0 | L40: 0 | M40: 0 | Q40: =D40+E40+F40+G40+H40+I40+J40+K40+L40+M40+N40+O40+P40 -> 366.96
A41: 38 | B41: A902 | C41: 韦选康 | G41: 149.18 | H41: 0 | I41: 0 | J41: 0 | K41: 366.96 | L41: 0 | M41: 0 | Q41: =D41+E41+F41+G41+H41+I41+J41+K41+L41+M41+N41+O41+P41 -> 516.14
A42: 39 | B42: A903 | C42: 尹明东 | G42: 149.18 | H42: 0 | I42: 217.78 | J42: 0 | K42: 0 | L42: 0 | M42: 0 | Q42: =D42+E42+F42+G42+H42+I42+J42+K42+L42+M42+N42+O42+P42 -> 366.96
A43: 40 | B43: A904 | C43: 赵德师 | G43: 149.18 | H43: 0 | I43: 217.78 | J43: 0 | K43: 0 | L43: 0 | M43: 0 | Q43: =D43+E43+F43+G43+H43+I43+J43+K43+L43+M43+N43+O43+P43 -> 366.96
A44: 41 | B44: A801 | C44: 索彩悦 | G44: 149.18 | H44: 0 | I44: 217.78 | J44: 0 | K44: 0 | L44: 0 | M44: 0 | Q44: =D44+E44+F44+G44+H44+I44+J44+K44+L44+M44+N44+O44+P44 -> 366.96
A45: 42 | B45: A802 | C45: 梁耀兴 | G45: 149.18 | H45: 217.78 | I45: 0 | J45: 0 | K45: 0 | L45: 0 | M45: 0 | Q45: =D45+E45+F45+G45+H45+I45+J45+K45+L45+M45+N45+O45+P45 -> 366.96
A46: 43 | B46: A803 | C46: 孙忠权 | H46: 500.48 | I46: 0 | J46: 0 | K46: 0 | L46: 0 | M46: 0 | Q46: =D46+E46+F46+G46+H46+I46+J46+K46+L46+M46+N46+O46+P46 -> 500.48
A47: 44 | B47: A804 | C47: 薛双美 | H47: 0 | I47: 0 | J47: 0 | K47: 0 | L47: 0 | M47: 366.96 | Q47: =D47+E47+F47+G47+H47+I47+J47+K47+L47+M47+N47+O47+P47 -> 366.96
A48: 45 | B48: A701 | C48: 张丹好 | G48: 149.18 | H48: 217.78 | I48: 0 | J48: 0 | K48: 0 | L48: 0 | M48: 0 | Q48: =D48+E48+F48+G48+H48+I48+J48+K48+L48+M48+N48+O48+P48 -> 366.96
A49: 46 | B49: A702 | C49: 秦秀银 | G49: 149.18 | H49: 217.78 | I49: 0 | J49: 0 | K49: 0 | L49: 0 | M49: 0 | Q49: =D49+E49+F49+G49+H49+I49+J49+K49+L49+M49+N49+O49+P49 -> 366.96
A50: 47 | B50: A703 | C50: 徐永腾 | H50: 0 | I50: 0 | J50: 366.96 | K50: 0 | L50: 0 | M50: 0 | Q50: =D50+E50+F50+G50+H50+I50+J50+K50+L50+M50+N50+O50+P50 -> 366.96
A51: 48 | B51: A704 | C51: 韦建良 | G51: 149.18 | H51: 0 | I51: 200 | J51: 0 | K51: 0 | L51: 0 | M51: 0 | Q51: =D51+E51+F51+G51+H51+I51+J51+K51+L51+M51+N51+O51+P51 -> 349.18
A52: 49 | B52: A601 | C52: 黄恒富 | H52: 0 | I52: 0 | J52: 0 | K52: 500.48 | L52: 0 | M52: 0 | Q52: =D52+E52+F52+G52+H52+I52+J52+K52+L52+M52+N52+O52+P52 -> 500.48
A53: 50 | B53: A602 | C53: 宁剑 | G53: 149.18 | H53: 0 | I53: 217.78 | J53: 0 | K53: 0 | L53: 0 | M53: 0 | Q53: =D53+E53+F53+G53+H53+I53+J53+K53+L53+M53+N53+O53+P53 -> 366.96
A54: 51 | B54: A603 | C54: 韦露帆 | H54: 149.18 | I54: 217.78 | J54: 0 | K54: 0 | L54: 0 | M54: 0 | Q54: =D54+E54+F54+G54+H54+I54+J54+K54+L54+M54+N54+O54+P54 -> 366.96
A55: 52 | B55: A604 | C55: 黄定军 | G55: 149.18 | H55: 0 | I55: 217.78 | J55: 0 | K55: 0 | L55: 0 | M55: 0 | Q55: =D55+E55+F55+G55+H55+I55+J55+K55+L55+M55+N55+O55+P55 -> 366.96
A56: 53 | B56: A501 | C56: 唐运忠 | G56: 149.18 | H56: 0 | I56: 217.78 | J56: 0 | K56: 0 | L56: 0 | M56: 0 | Q56: =D56+E56+F56+G56+H56+I56+J56+K56+L56+M56+N56+O56+P56 -> 366.96
A57: 54 | B57: A502 | C57: 宁昌妹 | G57: 149.18 | H57: 217.78 | I57: 0 | J57: 0 | K57: 0 | L57: 0 | M57: 0 | Q57: =D57+E57+F57+G57+H57+I57+J57+K57+L57+M57+N57+O57+P57 -> 366.96
A58: 55 | B58: A503 | C58: 赵桂民 | G58: 149.18 | H58: 0 | I58: 217.78 | J58: 0 | K58: 0 | L58: 0 | M58: 0 | Q58: =D58+E58+F58+G58+H58+I58+J58+K58+L58+M58+N58+O58+P58 -> 366.96
A59: 56 | B59: A504 | C59: 何脉珠 | G59: 149.18 | H59: 0 | I59: 217.78 | J59: 0 | K59: 0 | L59: 0 | M59: 0 | Q59: =D59+E59+F59+G59+H59+I59+J59+K59+L59+M59+N59+O59+P59 -> 366.96
A60: 57 | B60: A401 | C60: 覃雪萍 | H60: 149.18 | I60: 217.78 | J60: 0 | K60: 0 | L60: 0 | M60: 0 | Q60: =D60+E60+F60+G60+H60+I60+J60+K60+L60+M60+N60+O60+P60 -> 366.96
A61: 58 | B61: A402 | C61: 唐智 | G61: 149.18 | I61: 217.78 | J61: 0 | K61: 0 | L61: 0 | M61: 0 | Q61: =D61+E61+F61+G61+H61+I61+J61+K61+L61+M61+N61+O61+P61 -> 366.96
A62: 59 | B62: A403 | C62: 韦光会 | G62: 149.18 | I62: 217.78 | J62: 0 | K62: 0 | L62: 0 | M62: 0 | Q62: =D62+E62+F62+G62+H62+I62+J62+K62+L62+M62+N62+O62+P62 -> 366.96
A63: 60 | B63: A404 | C63: 李远干 | G63: 149.18 | I63: 217.78 | J63: 0 | K63: 0 | L63: 0 | M63: 0 | Q63: =D63+E63+F63+G63+H63+I63+J63+K63+L63+M63+N63+O63+P63 -> 366.96
A64: 61 | B64: A301 | C64: 索文德 | G64: 149.18 | I64: 274.09 | J64: 0 | K64: 0 | L64: 0 | M64: 56.31 | Q64: =D64+E64+F64+G64+H64+I64+J64+K64+L64+M64+N64+O64+P64 -> 479.58
A65: 62 | B65: A302 | C65: 班荣明 | G65: 149.18 | I65: 217.78 | J65: 0 | K65: 0 | M65: 0 | Q65: =D65+E65+F65+G65+H65+I65+J65+K65+L65+M65+N65+O65+P65 -> 366.96
A66: 63 | B66: A303 | C66: 管德明 | G66: 149.18 | I66: 217.78 | J66: 0 | Q66: =D66+E66+F66+G66+H66+I66+J66+K66+L66+M66+N66+O66+P66 -> 366.96
A67: 64 | B67: A304 | C67: 黄朝勇 | G67: 149.18 | I67: 217.78 | J67: 0 | Q67: =D67+E67+F67+G67+H67+I67+J67+K67+L67+M67+N67+O67+P67 -> 366.96
A68: 65 | B68: B1801 | C68: 杨世永 | G68: 149.18 | H68: 0 | I68: 217.78 | J68: 0 | Q68: =D68+E68+F68+G68+H68+I68+J68+K68+L68+M68+N68+O68+P68 -> 366.96
A69: 66 | B69: B1802 | C69: 张永谦 | H69: 0 | I69: 366.96 | J69: 0 | Q69: =D69+E69+F69+G69+H69+I69+J69+K69+L69+M69+N69+O69+P69 -> 366.96
A70: 67 | B70: B1803 | C70: 韦春梅 | G70: 149.18 | H70: 0 | I70: 217.78 | J70: 0 | Q70: =D70+E70+F70+G70+H70+I70+J70+K70+L70+M70+N70+O70+P70 -> 366.96
A71: 68 | B71: B1804 | C71: 杨世会 | H71: 0 | I71: 366.96 | J71: 0 | Q71: =D71+E71+F71+G71+H71+I71+J71+K71+L71+M71+N71+O71+P71 -> 366.96
A72: 69 | B72: B1701 | C72: 覃海宁 | G72: 149.18 | H72: 0 | I72: 217.78 | J72: 0 | Q72: =D72+E72+F72+G72+H72+I72+J72+K72+L72+M72+N72+O72+P72 -> 366.96
A73: 70 | B73: B1702 | C73: 赵小华 | G73: 149.18 | H73: 0 | I73: 0 | J73: 0 | K73: 366.96 | Q73: =D73+E73+F73+G73+H73+I73+J73+K73+L73+M73+N73+O73+P73 -> 516.14
A74: 71 | B74: B1703 | C74: 兰瑞传 | E74: 115.32 | G74: 149.18 | H74: 0 | I74: 0 | J74: 482.28 | K74: 0 | M74: 366.96 | Q74: =D74+E74+F74+G74+H74+I74+J74+K74+L74+M74+N74+O74+P74 -> 1113.74
A75: 72 | B75: B1704 | C75: 李祖干 | H75: 0 | I75: 0 | J75: 0 | K75: 0 | M75: 0 | Q75: =D75+E75+F75+G75+H75+I75+J75+K75+L75+M75+N75+O75+P75 -> 0
A76: 73 | B76: B1601 | C76: 吴胜聪 | G76: 149.18 | H76: 0 | I76: 217.78 | J76: 0 | K76: 0 | M76: 0 | Q76: =D76+E76+F76+G76+H76+I76+J76+K76+L76+M76+N76+O76+P76 -> 366.96
A77: 74 | B77: B1602 | C77: 张培训 | G77: =115.32+149.18 -> 264.5 | H77: 0 | I77: 0 | J77: 0 | K77: 0 | M77: 0 | O77: 366.96 | Q77: =D77+E77+F77+G77+H77+I77+J77+K77+L77+M77+N77+O77+P77 -> 631.46
A78: 75 | B78: B1603 | C78: 向凌 | G78: 149.18 | H78: 0 | I78: 0 | J78: 0 | K78: 366.96 | L78: 366.96 | M78: 0 | Q78: =D78+E78+F78+G78+H78+I78+J78+K78+L78+M78+N78+O78+P78 -> 883.1
A79: 76 | B79: B1604 | C79: 卢运理 | H79: 0 | I79: 366.96 | J79: 0 | L79: 0 | M79: 0 | Q79: =D79+E79+F79+G79+H79+I79+J79+K79+L79+M79+N79+O79+P79 -> 366.96
A80: 77 | B80: B1501 | C80: 黄树田 | G80: 149.18 | H80: 0 | I80: 217.78 | J80: 0 | L80: 0 | M80: 0 | Q80: =D80+E80+F80+G80+H80+I80+J80+K80+L80+M80+N80+O80+P80 -> 366.96
A81: 78 | B81: B1502 | C81: 卢秀香 | H81: 0 | I81: 0 | J81: 0 | L81: 0 | M81: 0 | Q81: =D81+E81+F81+G81+H81+I81+J81+K81+L81+M81+N81+O81+P81 -> 0
A82: 79 | B82: B1503 | C82: 梁芸 | G82: 149.18 | H82: 0 | I82: 0 | J82: 0 | L82: 0 | M82: 0 | Q82: =D82+E82+F82+G82+H82+I82+J82+K82+L82+M82+N82+O82+P82 -> 149.18
A83: 80 | B83: B1504 | C83: 唐月新 | G83: 149.18 | H83: 0 | I83: 0 | J83: 0 | L83: 366.96 | M83: 0 | Q83: =D83+E83+F83+G83+H83+I83+J83+K83+L83+M83+N83+O83+P83 -> 516.14
A84: 81 | B84: B1401 | C84: 张坤远 | G84: 149.18 | H84: 0 | I84: 217.78 | J84: 0 | L84: 0 | M84: 0 | Q84: =D84+E84+F84+G84+H84+I84+J84+K84+L84+M84+N84+O84+P84 -> 366.96
A85: 82 | B85: B1402 | C85: 唐毓辉 | H85: 0 | I85: 366.96 | J85: 0 | L85: 0 | M85: 0 | Q85: =D85+E85+F85+G85+H85+I85+J85+K85+L85+M85+N85+O85+P85 -> 366.96
A86: 83 | B86: B1403 | C86: 张庭强 | H86: 0 | I86: 366.96 | J86: 0 | L86: 0 | M86: 0 | Q86: =D86+E86+F86+G86+H86+I86+J86+K86+L86+M86+N86+O86+P86 -> 366.96
A87: 84 | B87: B1404 | C87: 杨月俞 | H87: 366.96 | I87: 0 | J87: 0 | L87: 0 | M87: 0 | Q87: =D87+E87+F87+G87+H87+I87+J87+K87+L87+M87+N87+O87+P87 -> 366.96
A88: 85 | B88: B1301 | C88: 薛红芳 | G88: 149.18 | H88: 0 | I88: 217.78 | J88: 0 | L88: 0 | M88: 0 | Q88: =D88+E88+F88+G88+H88+I88+J88+K88+L88+M88+N88+O88+P88 -> 366.96
A89: 86 | B89: B1302 | C89: 尹明亮 | G89: 149.18 | H89: 217.78 | I89: 0 | J89: 0 | L89: 0 | M89: 0 | Q89: =D89+E89+F89+G89+H89+I89+J89+K89+L89+M89+N89+O89+P89 -> 366.96
A90: 87 | B90: B1303 | C90: 黄学军 | G90: 149.18 | H90: 0 | I90: 217.78 | J90: 0 | L90: 0 | M90: 0 | Q90: =D90+E90+F90+G90+H90+I90+J90+K90+L90+M90+N90+O90+P90 -> 366.96
A91: 88 | B91: B1304 | C91: 韦水银 | G91: 149.18 | H91: 0 | I91: 0 | J91: 482.28 | L91: 0 | M91: 366.96 | Q91: =D91+E91+F91+G91+H91+I91+J91+K91+L91+M91+N91+O91+P91 -> 998.42
A92: 89 | B92: B1201 | C92: 韦勇东 | G92: 149.18 | H92: 0 | I92: 217.78 | J92: 0 | L92: 0 | M92: 0 | Q92: =D92+E92+F92+G92+H92+I92+J92+K92+L92+M92+N92+O92+P92 -> 366.96
A93: 90 | B93: B1202 | C93: 罗其永 | F93: 115.32 | G93: 149.18 | H93: 0 | I93: 0 | J93: 0 | L93: 0 | M93: 0 | Q93: =D93+E93+F93+G93+H93+I93+J93+K93+L93+M93+N93+O93+P93 -> 264.5
A94: 91 | B94: B1203 | C94: 廖婉 | H94: 0 | I94: 0 | J94: 0 | L94: 0 | M94: 482.28 | Q94: =D94+E94+F94+G94+H94+I94+J94+K94+L94+M94+N94+O94+P94 -> 482.28
A95: 92 | B95: B1204 | C95: 张卫红 | G95: 149.18 | H95: 0 | I95: 217.78 | J95: 0 | L95: 0 | M95: 0 | Q95: =D95+E95+F95+G95+H95+I95+J95+K95+L95+M95+N95+O95+P95 -> 366.96
A96: 93 | B96: B1101 | C96: 仇利生 | H96: 0 | I96: 366.96 | J96: 0 | L96: 0 | M96: 0 | Q96: =D96+E96+F96+G96+H96+I96+J96+K96+L96+M96+N96+O96+P96 -> 366.96
A97: 94 | B97: B1102 | C97: 韩雪琴 | G97: 149.18 | H97: 0 | I97: 217.78 | J97: 0 | L97: 0 | M97: 0 | Q97: =D97+E97+F97+G97+H97+I97+J97+K97+L97+M97+N97+O97+P97 -> 366.96
A98: 95 | B98: B1103 | C98: 罗智云 | H98: 366.96 | I98: 0 | J98: 0 | L98: 0 | M98: 0 | Q98: =D98+E98+F98+G98+H98+I98+J98+K98+L98+M98+N98+O98+P98 -> 366.96
A99: 96 | B99: B1104 | C99: 韦丽春 | G99: 149.18 | H99: 0 | I99: 217.78 | J99: 0 | L99: 0 | M99: 0 | Q99: =D99+E99+F99+G99+H99+I99+J99+K99+L99+M99+N99+O99+P99 -> 366.96
A100: 97 | B100: B1001 | C100: 黄恒洋 | G100: 149.18 | H100: 0 | I100: 217.78 | J100: 0 | L100: 0 | M100: 0 | Q100: =D100+E100+F100+G100+H100+I100+J100+K100+L100+M100+N100+O100+P100 -> 366.96
...

Sheet 2024年 
A1: 天峨县林朵林场新场部危改房AB栋2024年度电梯维护费收缴情况登记表
A2: 编制部门：天峨县林朵林场计划财务科 | O2: 单位：元
A3: 编号 | B3: 房号 | C3: 原户主 | D3: 2018年-2024年应交 | E3: 1月已交 | F3: 2月已交 | G3: 3月已交 | H3: 4月已交 | I3: 5月已交 | J3: 6月已交 | K3: 7月已交 | L3: 8月已交 | M3: 9月已交 | N3: 10月已交 | O3: 11月已交 | P3: 12月已交 | Q3: 本年已交合计 | R3: 2018年-2024年已交 | S3: 本年余额（+）或欠交（-）
A4: 1 | B4: A1801 | C4: 韦贞鸾 | D4: 2522.61 | J4: 264.02 | O4: 931.06 | P4: 0 | Q4: =SUM(E4:P4) -> 1195.08 | R4: =Q4+'2023年 '!Q4+'2022年 '!Q4+'2021年 '!Q4+'2020年 '!Q4+'2019年 '!Q4+'2018年'!Q4 -> 2889.5 | S4: =R4-D4 -> 366.89
A5: 2 | B5: A1802 | C5: 杨桂玉 | D5: 2522.61 | I5: 264.02 | O5: 931.06 | P5: 0 | Q5: =SUM(E5:P5) -> 1195.08 | R5: =Q5+'2023年 '!Q5+'2022年 '!Q5+'2021年 '!Q5+'2020年 '!Q5+'2019年 '!Q5+'2018年'!Q5 -> 3038.65 | S5: =R5-D5 -> 516.04
A6: 3 | B6: A1803 | C6: 胡远必 | D6: 2522.61 | I6: 264.02 | O6: 931.06 | P6: 0 | Q6: =SUM(E6:P6) -> 1195.08 | R6: =Q6+'2023年 '!Q6+'2022年 '!Q6+'2021年 '!Q6+'2020年 '!Q6+'2019年 '!Q6+'2018年'!Q6 -> 3038.65 | S6: =R6-D6 -> 516.04
A7: 4 | B7: A1804 | C7: 梁小凤 | D7: 2522.61 | E7: 366.96 | J7: 264.02 | O7: 931.06 | P7: 0 | Q7: =SUM(E7:P7) -> 1562.04 | R7: =Q7+'2023年 '!Q7+'2022年 '!Q7+'2021年 '!Q7+'2020年 '!Q7+'2019年 '!Q7+'2018年'!Q7 -> 3187.86 | S7: =R7-D7 -> 665.25
A8: 5 | B8: A1701 | C8: 陈巧玲 | D8: 2522.61 | I8: 264.02 | O8: 931.06 | P8: 0 | Q8: =SUM(E8:P8) -> 1195.08 | R8: =Q8+'2023年 '!Q8+'2022年 '!Q8+'2021年 '!Q8+'2020年 '!Q8+'2019年 '!Q8+'2018年'!Q8 -> 3038.68 | S8: =R8-D8 -> 516.07
A9: 6 | B9: A1702 | C9: 周凤琼 | D9: 2522.61 | K9: 264.02 | O9: 931.06 | P9: 0 | Q9: =SUM(E9:P9) -> 1195.08 | R9: =Q9+'2023年 '!Q9+'2022年 '!Q9+'2021年 '!Q9+'2020年 '!Q9+'2019年 '!Q9+'2018年'!Q9 -> 3038.65 | S9: =R9-D9 -> 516.04
A10: 7 | B10: A1703 | C10: 班华钊 | D10: 2522.61 | I10: 264.02 | O10: 931.06 | P10: 0 | Q10: =SUM(E10:P10) -> 1195.08 | R10: =Q10+'2023年 '!Q10+'2022年 '!Q10+'2021年 '!Q10+'2020年 '!Q10+'2019年 '!Q10+'2018年'!Q10 -> 3038.65 | S10: =R10-D10 -> 516.04
A11: 8 | B11: A1704 | C11: 孙慧芳 | D11: 2522.61 | J11: 264.02 | O11: 931.06 | P11: 0 | Q11: =SUM(E11:P11) -> 1195.08 | R11: =Q11+'2023年 '!Q11+'2022年 '!Q11+'2021年 '!Q11+'2020年 '!Q11+'2019年 '!Q11+'2018年'!Q11 -> 3054.31 | S11: =R11-D11 -> 531.7
A12: 9 | B12: A1601 | C12: 赵花萄 | D12: 2522.61 | I12: 264.02 | O12: 931.06 | P12: 0 | Q12: =SUM(E12:P12) -> 1195.08 | R12: =Q12+'2023年 '!Q12+'2022年 '!Q12+'2021年 '!Q12+'2020年 '!Q12+'2019年 '!Q12+'2018年'!Q12 -> 3187.83 | S12: =R12-D12 -> 665.22
A13: 10 | B13: A1602 | C13: 韦玉林 | D13: 2092.93 | O13: 931.06 | P13: 0 | Q13: =SUM(E13:P13) -> 931.06 | R13: =Q13+'2023年 '!Q13+'2022年 '!Q13+'2021年 '!Q13+'2020年 '!Q13+'2019年 '!Q13+'2018年'!Q13 -> 1645.76 | S13: =R13-D13 -> -447.17
A14: 11 | B14: A1603 | C14: 李祖勋 | D14: 1836.62 | M14: 264.02 | O14: 931.06 | P14: 0 | Q14: =SUM(E14:P14) -> 1195.08 | R14: =Q14+'2023年 '!Q14+'2022年 '!Q14+'2021年 '!Q14+'2020年 '!Q14+'2019年 '!Q14+'2018年'!Q14 -> 2301.49 | S14: =R14-D14 -> 464.87
A15: 12 | B15: A1604 | C15: 马尚军 | D15: 2522.61 | I15: 264.02 | O15: 931.06 | P15: 0 | Q15: =SUM(E15:P15) -> 1195.08 | R15: =Q15+'2023年 '!Q15+'2022年 '!Q15+'2021年 '!Q15+'2020年 '!Q15+'2019年 '!Q15+'2018年'!Q15 -> 3038.65 | S15: =R15-D15 -> 516.04
A16: 13 | B16: A1501 | C16: 杨凤英 | D16: 2522.61 | K16: 264.02 | O16: 931.06 | P16: 0 | Q16: =SUM(E16:P16) -> 1195.08 | R16: =Q16+'2023年 '!Q16+'2022年 '!Q16+'2021年 '!Q16+'2020年 '!Q16+'2019年 '!Q16+'2018年'!Q16 -> 3038.65 | S16: =R16-D16 -> 516.04
A17: 14 | B17: A1502 | C17: 陈曙林 | D17: 170 | O17: 170 | P17: 0 | Q17: =SUM(E17:P17) -> 170 | R17: =Q17+'2023年 '!Q17+'2022年 '!Q17+'2021年 '!Q17+'2020年 '!Q17+'2019年 '!Q17+'2018年'!Q17 -> 170 | S17: =R17-D17 -> 0
A18: 15 | B18: A1503 | C18: 韦月鸾 | D18: 170 | O18: 170 | P18: 0 | Q18: =SUM(E18:P18) -> 170 | R18: =Q18+'2023年 '!Q18+'2022年 '!Q18+'2021年 '!Q18+'2020年 '!Q18+'2019年 '!Q18+'2018年'!Q18 -> 170 | S18: =R18-D18 -> 0
A19: 16 | B19: A1504 | C19: 方焕忠 | D19: 2522.61 | I19: 264.02 | O19: 931.06 | P19: 0 | Q19: =SUM(E19:P19) -> 1195.08 | R19: =Q19+'2023年 '!Q19+'2022年 '!Q19+'2021年 '!Q19+'2020年 '!Q19+'2019年 '!Q19+'2018年'!Q19 -> 3038.65 | S19: =R19-D19 -> 516.04
A20: 17 | B20: A1401 | C20: 李向农 | D20: 2522.61 | O20: 931.06 | P20: 0 | Q20: =SUM(E20:P20) -> 931.06 | R20: =Q20+'2023年 '!Q20+'2022年 '!Q20+'2021年 '!Q20+'2020年 '!Q20+'2019年 '!Q20+'2018年'!Q20 -> 2923.81 | S20: =R20-D20 -> 401.2
A21: 18 | B21: A1402 | C21: 邓扬静 | D21: 2522.61 | I21: 264.02 | O21: 931.06 | P21: 0 | Q21: =SUM(E21:P21) -> 1195.08 | R21: =Q21+'2023年 '!Q21+'2022年 '!Q21+'2021年 '!Q21+'2020年 '!Q21+'2019年 '!Q21+'2018年'!Q21 -> 2928.73 | S21: =R21-D21 -> 406.12
A22: 19 | B22: A1403 | C22: 黄光龙 | D22: 2522.61 | I22: 264.02 | O22: 931.06 | P22: 0 | Q22: =SUM(E22:P22) -> 1195.08 | R22: =Q22+'2023年 '!Q22+'2022年 '!Q22+'2021年 '!Q22+'2020年 '!Q22+'2019年 '!Q22+'2018年'!Q22 -> 3297.78 | S22: =R22-D22 -> 775.17
A23: 20 | B23: A1404 | C23: 杨光权 | D23: 2522.61 | I23: 264.02 | O23: 931.06 | P23: 0 | Q23: =SUM(E23:P23) -> 1195.08 | R23: =Q23+'2023年 '!Q23+'2022年 '!Q23+'2021年 '!Q23+'2020年 '!Q23+'2019年 '!Q23+'2018年'!Q23 -> 3038.68 | S23: =R23-D23 -> 516.07
A24: 21 | B24: A1301 | C24: 吴胜斌 | D24: 2390.67 | N24: 104.02 | O24: 112 | P24: 320 | Q24: =SUM(E24:P24) -> 536.02 | R24: =Q24+'2023年 '!Q24+'2022年 '!Q24+'2021年 '!Q24+'2020年 '!Q24+'2019年 '!Q24+'2018年'!Q24 -> 2379.59 | S24: =R24-D24 -> -11.08
A25: 22 | B25: A1302 | C25: 韦献萍 | D25: 2522.61 | J25: 264.02 | O25: 931.06 | P25: 0 | Q25: =SUM(E25:P25) -> 1195.08 | R25: =Q25+'2023年 '!Q25+'2022年 '!Q25+'2021年 '!Q25+'2020年 '!Q25+'2019年 '!Q25+'2018年'!Q25 -> 3172.17 | S25: =R25-D25 -> 649.56
A26: 23 | B26: A1303 | C26: 黄汉冕 | D26: 2522.61 | I26: 264.02 | O26: 931.06 | P26: 0 | Q26: =SUM(E26:P26) -> 1195.08 | R26: =Q26+'2023年 '!Q26+'2022年 '!Q26+'2021年 '!Q26+'2020年 '!Q26+'2019年 '!Q26+'2018年'!Q26 -> 3038.65 | S26: =R26-D26 -> 516.04
A27: 24 | B27: A1304 | C27: 梁艳红 | D27: 2522.61 | K27: 264.02 | O27: 931.06 | P27: 0 | Q27: =SUM(E27:P27) -> 1195.08 | R27: =Q27+'2023年 '!Q27+'2022年 '!Q27+'2021年 '!Q27+'2020年 '!Q27+'2019年 '!Q27+'2018年'!Q27 -> 3038.73 | S27: =R27-D27 -> 516.12
A28: 25 | B28: A1201 | C28: 索邦卫 | D28: 2522.61 | I28: 264.02 | O28: 931.06 | P28: 0 | Q28: =SUM(E28:P28) -> 1195.08 | R28: =Q28+'2023年 '!Q28+'2022年 '!Q28+'2021年 '!Q28+'2020年 '!Q28+'2019年 '!Q28+'2018年'!Q28 -> 3038.65 | S28: =R28-D28 -> 516.04
A29: 26 | B29: A1202 | C29: 韦竹珍 | D29: 2522.61 | I29: 264.02 | O29: 385.93 | P29: 545.13 | Q29: =SUM(E29:P29) -> 1195.08 | R29: =Q29+'2023年 '!Q29+'2022年 '!Q29+'2021年 '!Q29+'2020年 '!Q29+'2019年 '!Q29+'2018年'!Q29 -> 3038.65 | S29: =R29-D29 -> 516.04
A30: 27 | B30: A1203 | C30: 冉光新 | D30: 2522.61 | I30: 264.02 | O30: 931.06 | P30: 0 | Q30: =SUM(E30:P30) -> 1195.08 | R30: =Q30+'2023年 '!Q30+'2022年 '!Q30+'2021年 '!Q30+'2020年 '!Q30+'2019年 '!Q30+'2018年'!Q30 -> 2718.39 | S30: =R30-D30 -> 195.78
A31: 28 | B31: A1204 | C31: 彭鸣忠 | D31: 2324.68 | N31: 264.02 | O31: 931.06 | P31: 0 | Q31: =SUM(E31:P31) -> 1195.08 | R31: =Q31+'2023年 '!Q31+'2022年 '!Q31+'2021年 '!Q31+'2020年 '!Q31+'2019年 '!Q31+'2018年'!Q31 -> 3038.65 | S31: =R31-D31 -> 713.97
A32: 29 | B32: A1101 | C32: 李莎莎 | D32: 2522.61 | K32: 264.02 | O32: 931.06 | P32: 0 | Q32: =SUM(E32:P32) -> 1195.08 | R32: =Q32+'2023年 '!Q32+'2022年 '!Q32+'2021年 '!Q32+'2020年 '!Q32+'2019年 '!Q32+'2018年'!Q32 -> 3038.65 | S32: =R32-D32 -> 516.04
A33: 30 | B33: A1102 | C33: 陈臻慧 | D33: 2522.61 | I33: 264.02 | O33: 931.06 | P33: 0 | Q33: =SUM(E33:P33) -> 1195.08 | R33: =Q33+'2023年 '!Q33+'2022年 '!Q33+'2021年 '!Q33+'2020年 '!Q33+'2019年 '!Q33+'2018年'!Q33 -> 3038.68 | S33: =R33-D33 -> 516.07
A34: 31 | B34: A1103 | C34: 吴爱叶 | D34: 2522.61 | O34: 931.06 | P34: 0 | Q34: =SUM(E34:P34) -> 931.06 | R34: =Q34+'2023年 '!Q34+'2022年 '!Q34+'2021年 '!Q34+'2020年 '!Q34+'2019年 '!Q34+'2018年'!Q34 -> 2751.11 | S34: =R34-D34 -> 228.5
A35: 32 | B35: A1104 | C35: 岑丽娟 | D35: 2202.85 | K35: 264.02 | O35: 0 | P35: 0 | Q35: =SUM(E35:P35) -> 264.02 | R35: =Q35+'2023年 '!Q35+'2022年 '!Q35+'2021年 '!Q35+'2020年 '!Q35+'2019年 '!Q35+'2018年'!Q35 -> 1389.09 | S35: =R35-D35 -> -813.76
A36: 33 | B36: A1001 | C36: 黄敬财 | D36: 170 | O36: 170 | P36: 0 | Q36: =SUM(E36:P36) -> 170 | R36: =Q36+'2023年 '!Q36+'2022年 '!Q36+'2021年 '!Q36+'2020年 '!Q36+'2019年 '!Q36+'2018年'!Q36 -> 170 | S36: =R36-D36 -> 0
A37: 34 | B37: A1002 | C37: 韦永 | D37: 2522.61 | I37: 264.02 | O37: 931.06 | P37: 0 | Q37: =SUM(E37:P37) -> 1195.08 | R37: =Q37+'2023年 '!Q37+'2022年 '!Q37+'2021年 '!Q37+'2020年 '!Q37+'2019年 '!Q37+'2018年'!Q37 -> 3038.65 | S37: =R37-D37 -> 516.04
A38: 35 | B38: A1003 | C38: 黄国华 | D38: 2522.61 | L38: 264.02 | O38: 931.06 | P38: 0 | Q38: =SUM(E38:P38) -> 1195.08 | R38: =Q38+'2023年 '!Q38+'2022年 '!Q38+'2021年 '!Q38+'2020年 '!Q38+'2019年 '!Q38+'2018年'!Q38 -> 3038.65 | S38: =R38-D38 -> 516.04
A39: 36 | B39: A1004 | C39: 樊红 | D39: 2522.61 | O39: 931.06 | P39: 0 | Q39: =SUM(E39:P39) -> 931.06 | R39: =Q39+'2023年 '!Q39+'2022年 '!Q39+'2021年 '!Q39+'2020年 '!Q39+'2019年 '!Q39+'2018年'!Q39 -> 2774.63 | S39: =R39-D39 -> 252.02
A40: 37 | B40: A901 | C40: 吴荣庆 | D40: 2522.61 | J40: 200 | O40: 931.06 | P40: 0 | Q40: =SUM(E40:P40) -> 1131.06 | R40: =Q40+'2023年 '!Q40+'2022年 '!Q40+'2021年 '!Q40+'2020年 '!Q40+'2019年 '!Q40+'2018年'!Q40 -> 3084.55 | S40: =R40-D40 -> 561.94
A41: 38 | B41: A902 | C41: 韦选康 | D41: 2522.61 | I41: 264.02 | O41: 931.06 | P41: 0 | Q41: =SUM(E41:P41) -> 1195.08 | R41: =Q41+'2023年 '!Q41+'2022年 '!Q41+'2021年 '!Q41+'2020年 '!Q41+'2019年 '!Q41+'2018年'!Q41 -> 3187.83 | S41: =R41-D41 -> 665.22
A42: 39 | B42: A903 | C42: 尹明东 | D42: 2522.61 | I42: 264.02 | O42: 931.06 | P42: 500 | Q42: =SUM(E42:P42) -> 1695.08 | R42: =Q42+'2023年 '!Q42+'2022年 '!Q42+'2021年 '!Q42+'2020年 '!Q42+'2019年 '!Q42+'2018年'!Q42 -> 3672.2 | S42: =R42-D42 -> 1149.59
A43: 40 | B43: A904 | C43: 赵德师 | D43: 2522.61 | J43: 264.02 | O43: 931.06 | P43: 0 | Q43: =SUM(E43:P43) -> 1195.08 | R43: =Q43+'2023年 '!Q43+'2022年 '!Q43+'2021年 '!Q43+'2020年 '!Q43+'2019年 '!Q43+'2018年'!Q43 -> 2828.31 | S43: =R43-D43 -> 305.7
A44: 41 | B44: A801 | C44: 索彩悦 | D44: 2522.61 | I44: 264.02 | O44: 931.06 | P44: 0 | Q44: =SUM(E44:P44) -> 1195.08 | R44: =Q44+'2023年 '!Q44+'2022年 '!Q44+'2021年 '!Q44+'2020年 '!Q44+'2019年 '!Q44+'2018年'!Q44 -> 3038.68 | S44: =R44-D44 -> 516.07
A45: 42 | B45: A802 | C45: 梁耀兴 | D45: 2456.62 | I45: 264.02 | O45: 931.06 | P45: 600 | Q45: =SUM(E45:P45) -> 1795.08 | R45: =Q45+'2023年 '!Q45+'2022年 '!Q45+'2021年 '!Q45+'2020年 '!Q45+'2019年 '!Q45+'2018年'!Q45 -> 3638.65 | S45: =R45-D45 -> 1182.03
A46: 43 | B46: A803 | C46: 孙忠权 | D46: 2522.61 | O46: 931.06 | P46: 0 | Q46: =SUM(E46:P46) -> 931.06 | R46: =Q46+'2023年 '!Q46+'2022年 '!Q46+'2021年 '!Q46+'2020年 '!Q46+'2019年 '!Q46+'2018年'!Q46 -> 3030.94 | S46: =R46-D46 -> 508.33
A47: 44 | B47: A804 | C47: 薛双美 | D47: 2522.61 | J47: 264.02 | O47: 931.06 | P47: 0 | Q47: =SUM(E47:P47) -> 1195.08 | R47: =Q47+'2023年 '!Q47+'2022年 '!Q47+'2021年 '!Q47+'2020年 '!Q47+'2019年 '!Q47+'2018年'!Q47 -> 2905.13 | S47: =R47-D47 -> 382.52
A48: 45 | B48: A701 | C48: 张丹好 | D48: 2522.61 | O48: 931.06 | P48: 0 | Q48: =SUM(E48:P48) -> 931.06 | R48: =Q48+'2023年 '!Q48+'2022年 '!Q48+'2021年 '!Q48+'2020年 '!Q48+'2019年 '!Q48+'2018年'!Q48 -> 3028.06 | S48: =R48-D48 -> 505.45
A49: 46 | B49: A702 | C49: 秦秀银 | D49: 2522.61 | I49: 264.02 | O49: 931.06 | P49: 0 | Q49: =SUM(E49:P49) -> 1195.08 | R49: =Q49+'2023年 '!Q49+'2022年 '!Q49+'2021年 '!Q49+'2020年 '!Q49+'2019年 '!Q49+'2018年'!Q49 -> 3038.65 | S49: =R49-D49 -> 516.04
A50: 47 | B50: A703 | C50: 徐永腾 | D50: 2522.61 | N50: 264.02 | O50: 931.06 | P50: 0 | Q50: =SUM(E50:P50) -> 1195.08 | R50: =Q50+'2023年 '!Q50+'2022年 '!Q50+'2021年 '!Q50+'2020年 '!Q50+'2019年 '!Q50+'2018年'!Q50 -> 3038.65 | S50: =R50-D50 -> 516.04
A51: 48 | B51: A704 | C51: 韦建良 | D51: 2522.61 | I51: 264.02 | O51: 0 | P51: 931.06 | Q51: =SUM(E51:P51) -> 1195.08 | R51: =Q51+'2023年 '!Q51+'2022年 '!Q51+'2021年 '!Q51+'2020年 '!Q51+'2019年 '!Q51+'2018年'!Q51 -> 3207.83 | S51: =R51-D51 -> 685.22
A52: 49 | B52: A601 | C52: 黄恒富 | D52: 2522.61 | J52: 264.02 | O52: 931.06 | P52: 0 | Q52: =SUM(E52:P52) -> 1195.08 | R52: =Q52+'2023年 '!Q52+'2022年 '!Q52+'2021年 '!Q52+'2020年 '!Q52+'2019年 '!Q52+'2018年'!Q52 -> 3038.68 | S52: =R52-D52 -> 516.07
A53: 50 | B53: A602 | C53: 宁剑 | D53: 2522.61 | I53: 264.02 | O53: 931.06 | P53: 0 | Q53: =SUM(E53:P53) -> 1195.08 | R53: =Q53+'2023年 '!Q53+'2022年 '!Q53+'2021年 '!Q53+'2020年 '!Q53+'2019年 '!Q53+'2018年'!Q53 -> 3038.65 | S53: =R53-D53 -> 516.04
A54: 51 | B54: A603 | C54: 韦露帆 | D54: 2522.61 | J54: 264.02 | O54: 931.06 | P54: 0 | Q54: =SUM(E54:P54) -> 1195.08 | R54: =Q54+'2023年 '!Q54+'2022年 '!Q54+'2021年 '!Q54+'2020年 '!Q54+'2019年 '!Q54+'2018年'!Q54 -> 3038.65 | S54: =R54-D54 -> 516.04
A55: 52 | B55: A604 | C55: 黄定军 | D55: 2522.61 | J55: 120 | K55: 144.02 | M55: 144.02 | O55: 931.06 | P55: 0 | Q55: =SUM(E55:P55) -> 1339.1 | R55: =Q55+'2023年 '!Q55+'2022年 '!Q55+'2021年 '!Q55+'2020年 '!Q55+'2019年 '!Q55+'2018年'!Q55 -> 2903.76 | S55: =R55-D55 -> 381.15
A56: 53 | B56: A501 | C56: 唐运忠 | D56: 2490.93 | I56: 264.02 | O56: 931.06 | P56: 0 | Q56: =SUM(E56:P56) -> 1195.08 | R56: =Q56+'2023年 '!Q56+'2022年 '!Q56+'2021年 '!Q56+'2020年 '!Q56+'2019年 '!Q56+'2018年'!Q56 -> 3038.61 | S56: =R56-D56 -> 547.68
A57: 54 | B57: A502 | C57: 宁昌妹 | D57: 2490.93 | I57: 264.02 | O57: 931.06 | P57: 0 | Q57: =SUM(E57:P57) -> 1195.08 | R57: =Q57+'2023年 '!Q57+'2022年 '!Q57+'2021年 '!Q57+'2020年 '!Q57+'2019年 '!Q57+'2018年'!Q57 -> 3148.57 | S57: =R57-D57 -> 657.64
A58: 55 | B58: A503 | C58: 赵桂民 | D58: 2490.93 | I58: 264.02 | O58: 931.06 | P58: 0 | Q58: =SUM(E58:P58) -> 1195.08 | R58: =Q58+'2023年 '!Q58+'2022年 '!Q58+'2021年 '!Q58+'2020年 '!Q58+'2019年 '!Q58+'2018年'!Q58 -> 3038.68 | S58: =R58-D58 -> 547.75
A59: 56 | B59: A504 | C59: 何脉珠 | D59: 2490.93 | K59: 264.02 | O59: 931.06 | P59: 0 | Q59: =SUM(E59:P59) -> 1195.08 | R59: =Q59+'2023年 '!Q59+'2022年 '!Q59+'2021年 '!Q59+'2020年 '!Q59+'2019年 '!Q59+'2018年'!Q59 -> 2831.92 | S59: =R59-D59 -> 340.99
A60: 57 | B60: A401 | C60: 覃雪萍 | D60: 2490.93 | I60: 264.02 | J60: 264.02 | M60: 22.02 | O60: 931.06 | P60: 0 | Q60: =SUM(E60:P60) -> 1481.12 | R60: =Q60+'2023年 '!Q60+'2022年 '!Q60+'2021年 '!Q60+'2020年 '!Q60+'2019年 '!Q60+'2018年'!Q60 -> 3324.72 | S60: =R60-D60 -> 833.79
A61: 58 | B61: A402 | C61: 唐智 | D61: 2490.93 | I61: 264.02 | O61: 931.06 | P61: 0 | Q61: =SUM(E61:P61) -> 1195.08 | R61: =Q61+'2023年 '!Q61+'2022年 '!Q61+'2021年 '!Q61+'2020年 '!Q61+'2019年 '!Q61+'2018年'!Q61 -> 2718.39 | S61: =R61-D61 -> 227.46
A62: 59 | B62: A403 | C62: 韦光会 | D62: 2490.93 | I62: 264.02 | O62: 931.06 | P62: 0 | Q62: =SUM(E62:P62) -> 1195.08 | R62: =Q62+'2023年 '!Q62+'2022年 '!Q62+'2021年 '!Q62+'2020年 '!Q62+'2019年 '!Q62+'2018年'!Q62 -> 3038.65 | S62: =R62-D62 -> 547.72
A63: 60 | B63: A404 | C63: 李远干 | D63: 2490.93 | I63: 264.02 | O63: 931.06 | P63: 0 | Q63: =SUM(E63:P63) -> 1195.08 | R63: =Q63+'2023年 '!Q63+'2022年 '!Q63+'2021年 '!Q63+'2020年 '!Q63+'2019年 '!Q63+'2018年'!Q63 -> 3172.17 | S63: =R63-D63 -> 681.24
A64: 61 | B64: A301 | C64: 索文德 | D64: 2424.94 | I64: 320.33 | O64: 931.06 | P64: 0 | Q64: =SUM(E64:P64) -> 1251.39 | R64: =Q64+'2023年 '!Q64+'2022年 '!Q64+'2021年 '!Q64+'2020年 '!Q64+'2019年 '!Q64+'2018年'!Q64 -> 2831.04 | S64: =R64-D64 -> 406.1
A65: 62 | B65: A302 | C65: 班荣明 | D65: 2490.93 | J65: 108 | K65: 134 | O65: 0 | P65: 931.06 | Q65: =SUM(E65:P65) -> 1173.06 | R65: =Q65+'2023年 '!Q65+'2022年 '!Q65+'2021年 '!Q65+'2020年 '!Q65+'2019年 '!Q65+'2018年'!Q65 -> 2608.06 | S65: =R65-D65 -> 117.13
A66: 63 | B66: A303 | C66: 管德明 | D66: 2490.93 | I66: 264.02 | O66: 931.06 | P66: 0 | Q66: =SUM(E66:P66) -> 1195.08 | R66: =Q66+'2023年 '!Q66+'2022年 '!Q66+'2021年 '!Q66+'2020年 '!Q66+'2019年 '!Q66+'2018年'!Q66 -> 3038.65 | S66: =R66-D66 -> 547.72
A67: 64 | B67: A304 | C67: 黄朝勇 | D67: 2490.93 | I67: 264.02 | O67: 931.06 | P67: 0 | Q67: =SUM(E67:P67) -> 1195.08 | R67: =Q67+'2023年 '!Q67+'2022年 '!Q67+'2021年 '!Q67+'2020年 '!Q67+'2019年 '!Q67+'2018年'!Q67 -> 2482.53 | S67: =R67-D67 -> -8.4
A68: 65 | B68: B1801 | C68: 杨世永 | D68: 2478.75 | I68: 258.21 | O68: 954.34 | P68: 0 | Q68: =SUM(E68:P68) -> 1212.55 | R68: =Q68+'2023年 '!Q68+'2022年 '!Q68+'2021年 '!Q68+'2020年 '!Q68+'2019年 '!Q68+'2018年'!Q68 -> 3179.07 | S68: =R68-D68 -> 700.32
A69: 66 | B69: B1802 | C69: 张永谦 | D69: 2478.75 | K69: 258.21 | O69: 954.34 | P69: 0 | Q69: =SUM(E69:P69) -> 1212.55 | R69: =Q69+'2023年 '!Q69+'2022年 '!Q69+'2021年 '!Q69+'2020年 '!Q69+'2019年 '!Q69+'2018年'!Q69 -> 3180.07 | S69: =R69-D69 -> 701.32
A70: 67 | B70: B1803 | C70: 韦春梅 | D70: 2479.95 | I70: 258.21 | O70: 954.34 | P70: 0 | Q70: =SUM(E70:P70) -> 1212.55 | R70: =Q70+'2023年 '!Q70+'2022年 '!Q70+'2021年 '!Q70+'2020年 '!Q70+'2019年 '!Q70+'2018年'!Q70 -> 3064.95 | S70: =R70-D70 -> 585
A71: 68 | B71: B1804 | C71: 杨世会 | D71: 2478.75 | J71: 258.21 | O71: 954.34 | P71: 0 | Q71: =SUM(E71:P71) -> 1212.55 | R71: =Q71+'2023年 '!Q71+'2022年 '!Q71+'2021年 '!Q71+'2020年 '!Q71+'2019年 '!Q71+'2018年'!Q71 -> 3179.07 | S71: =R71-D71 -> 700.32
A72: 69 | B72: B1701 | C72: 覃海宁 | D72: 2478.75 | O72: 954.34 | P72: 0 | Q72: =SUM(E72:P72) -> 954.34 | R72: =Q72+'2023年 '!Q72+'2022年 '!Q72+'2021年 '!Q72+'2020年 '!Q72+'2019年 '!Q72+'2018年'!Q72 -> 2920.86 | S72: =R72-D72 -> 442.11
A73: 70 | B73: B1702 | C73: 赵小华 | D73: 2478.75 | I73: 258.21 | O73: 954.34 | P73: 0 | Q73: =SUM(E73:P73) -> 1212.55 | R73: =Q73+'2023年 '!Q73+'2022年 '!Q73+'2021年 '!Q73+'2020年 '!Q73+'2019年 '!Q73+'2018年'!Q73 -> 3429.32 | S73: =R73-D73 -> 950.57
A74: 71 | B74: B1703 | C74: 兰瑞传 | D74: 2478.75 | I74: 258.21 | O74: 954.34 | P74: 0 | Q74: =SUM(E74:P74) -> 1212.55 | R74: =Q74+'2023年 '!Q74+'2022年 '!Q74+'2021年 '!Q74+'2020年 '!Q74+'2019年 '!Q74+'2018年'!Q74 -> 3568.52 | S74: =R74-D74 -> 1089.77
A75: 72 | B75: B1704 | C75: 李祖干 | D75: 170 | O75: 170 | P75: 0 | Q75: =SUM(E75:P75) -> 170 | R75: =Q75+'2023年 '!Q75+'2022年 '!Q75+'2021年 '!Q75+'2020年 '!Q75+'2019年 '!Q75+'2018年'!Q75 -> 170 | S75: =R75-D75 -> 0
A76: 73 | B76: B1601 | C76: 吴胜聪 | D76: 2478.75 | I76: 258.21 | O76: 954.34 | P76: 1000 | Q76: =SUM(E76:P76) -> 2212.55 | R76: =Q76+'2023年 '!Q76+'2022年 '!Q76+'2021年 '!Q76+'2020年 '!Q76+'2019年 '!Q76+'2018年'!Q76 -> 4179.07 | S76: =R76-D76 -> 1700.32
A77: 74 | B77: B1602 | C77: 张培训 | D77: 2478.75 | I77: 258.21 | O77: 954.34 | P77: 0 | Q77: =SUM(E77:P77) -> 1212.55 | R77: =Q77+'2023年 '!Q77+'2022年 '!Q77+'2021年 '!Q77+'2020年 '!Q77+'2019年 '!Q77+'2018年'!Q77 -> 3327.62 | S77: =R77-D77 -> 848.87
A78: 75 | B78: B1603 | C78: 向凌 | D78: 2478.75 | I78: 258.21 | O78: 954.34 | P78: 0 | Q78: =SUM(E78:P78) -> 1212.55 | R78: =Q78+'2023年 '!Q78+'2022年 '!Q78+'2021年 '!Q78+'2020年 '!Q78+'2019年 '!Q78+'2018年'!Q78 -> 3695.21 | S78: =R78-D78 -> 1216.46
A79: 76 | B79: B1604 | C79: 卢运理 | D79: 2478.75 | I79: 258.21 | O79: 954.34 | P79: 0 | Q79: =SUM(E79:P79) -> 1212.55 | R79: =Q79+'2023年 '!Q79+'2022年 '!Q79+'2021年 '!Q79+'2020年 '!Q79+'2019年 '!Q79+'2018年'!Q79 -> 3179.07 | S79: =R79-D79 -> 700.32
A80: 77 | B80: B1501 | C80: 黄树田 | D80: 2478.75 | I80: 258.21 | O80: 954.34 | P80: 0 | Q80: =SUM(E80:P80) -> 1212.55 | R80: =Q80+'2023年 '!Q80+'2022年 '!Q80+'2021年 '!Q80+'2020年 '!Q80+'2019年 '!Q80+'2018年'!Q80 -> 3513.11 | S80: =R80-D80 -> 1034.36
A81: 78 | B81: B1502 | C81: 卢秀香 | D81: 170 | O81: 170 | P81: 0 | Q81: =SUM(E81:P81) -> 170 | R81: =Q81+'2023年 '!Q81+'2022年 '!Q81+'2021年 '!Q81+'2020年 '!Q81+'2019年 '!Q81+'2018年'!Q81 -> 170 | S81: =R81-D81 -> 0
A82: 79 | B82: B1503 | C82: 梁芸 | D82: 2478.75 | K82: 258.21 | O82: 954.34 | P82: 0 | Q82: =SUM(E82:P82) -> 1212.55 | R82: =Q82+'2023年 '!Q82+'2022年 '!Q82+'2021年 '!Q82+'2020年 '!Q82+'2019年 '!Q82+'2018年'!Q82 -> 2961.29 | S82: =R82-D82 -> 482.54
A83: 80 | B83: B1504 | C83: 唐月新 | D83: 2478.75 | I83: 258.21 | O83: 954.34 | P83: 0 | Q83: =SUM(E83:P83) -> 1212.55 | R83: =Q83+'2023年 '!Q83+'2022年 '!Q83+'2021年 '!Q83+'2020年 '!Q83+'2019年 '!Q83+'2018年'!Q83 -> 3327.62 | S83: =R83-D83 -> 848.87
A84: 81 | B84: B1401 | C84: 张坤远 | D84: 2478.75 | J84: 258.21 | O84: 954.34 | P84: 0 | Q84: =SUM(E84:P84) -> 1212.55 | R84: =Q84+'2023年 '!Q84+'2022年 '!Q84+'2021年 '!Q84+'2020年 '!Q84+'2019年 '!Q84+'2018年'!Q84 -> 2974.6 | S84: =R84-D84 -> 495.85
A85: 82 | B85: B1402 | C85: 唐毓辉 | D85: 2478.75 | I85: 258.21 | O85: 954.34 | P85: 0 | Q85: =SUM(E85:P85) -> 1212.55 | R85: =Q85+'2023年 '!Q85+'2022年 '!Q85+'2021年 '!Q85+'2020年 '!Q85+'2019年 '!Q85+'2018年'!Q85 -> 3063.75 | S85: =R85-D85 -> 585
A86: 83 | B86: B1403 | C86: 张庭强 | D86: 2478.75 | I86: 258.21 | O86: 954.34 | P86: 0 | Q86: =SUM(E86:P86) -> 1212.55 | R86: =Q86+'2023年 '!Q86+'2022年 '!Q86+'2021年 '!Q86+'2020年 '!Q86+'2019年 '!Q86+'2018年'!Q86 -> 3078.37 | S86: =R86-D86 -> 599.62
A87: 84 | B87: B1404 | C87: 杨月俞 | D87: 2478.75 | O87: 954.34 | P87: 0 | Q87: =SUM(E87:P87) -> 954.34 | R87: =Q87+'2023年 '!Q87+'2022年 '!Q87+'2021年 '!Q87+'2020年 '!Q87+'2019年 '!Q87+'2018年'!Q87 -> 2920.86 | S87: =R87-D87 -> 442.11
A88: 85 | B88: B1301 | C88: 薛红芳 | D88: 2478.75 | I88: 258.21 | O88: 954.34 | P88: 0 | Q88: =SUM(E88:P88) -> 1212.55 | R88: =Q88+'2023年 '!Q88+'2022年 '!Q88+'2021年 '!Q88+'2020年 '!Q88+'2019年 '!Q88+'2018年'!Q88 -> 3106.97 | S88: =R88-D88 -> 628.22
A89: 86 | B89: B1302 | C89: 尹明亮 | D89: 2478.75 | I89: 258.21 | O89: 954.34 | P89: 0 | Q89: =SUM(E89:P89) -> 1212.55 | R89: =Q89+'2023年 '!Q89+'2022年 '!Q89+'2021年 '!Q89+'2020年 '!Q89+'2019年 '!Q89+'2018年'!Q89 -> 3179.07 | S89: =R89-D89 -> 700.32
A90: 87 | B90: B1303 | C90: 黄学军 | D90: 2478.75 | I90: 258.21 | O90: 954.34 | P90: 0 | Q90: =SUM(E90:P90) -> 1212.55 | R90: =Q90+'2023年 '!Q90+'2022年 '!Q90+'2021年 '!Q90+'2020年 '!Q90+'2019年 '!Q90+'2018年'!Q90 -> 3179.07 | S90: =R90-D90 -> 700.32
A91: 88 | B91: B1304 | C91: 韦水银 | D91: 2478.75 | O91: 954.34 | P91: 0 | Q91: =SUM(E91:P91) -> 954.34 | R91: =Q91+'2023年 '!Q91+'2022年 '!Q91+'2021年 '!Q91+'2020年 '!Q91+'2019年 '!Q91+'2018年'!Q91 -> 3541.49 | S91: =R91-D91 -> 1062.74
A92: 89 | B92: B1201 | C92: 韦勇东 | D92: 2478.75 | I92: 258.21 | O92: 954.34 | P92: 0 | Q92: =SUM(E92:P92) -> 1212.55 | R92: =Q92+'2023年 '!Q92+'2022年 '!Q92+'2021年 '!Q92+'2020年 '!Q92+'2019年 '!Q92+'2018年'!Q92 -> 3179.07 | S92: =R92-D92 -> 700.32
A93: 90 | B93: B1202 | C93: 罗其永 | D93: 2478.75 | I93: 258.21 | O93: 954.34 | P93: 0 | Q93: =SUM(E93:P93) -> 1212.55 | R93: =Q93+'2023年 '!Q93+'2022年 '!Q93+'2021年 '!Q93+'2020年 '!Q93+'2019年 '!Q93+'2018年'!Q93 -> 2961.29 | S93: =R93-D93 -> 482.54
A94: 91 | B94: B1203 | C94: 廖婉 | D94: 2208.86 | O94: 954.34 | P94: 0 | Q94: =SUM(E94:P94) -> 954.34 | R94: =Q94+'2023年 '!Q94+'2022年 '!Q94+'2021年 '!Q94+'2020年 '!Q94+'2019年 '!Q94+'2018年'!Q94 -> 2522.77 | S94: =R94-D94 -> 313.91
A95: 92 | B95: B1204 | C95: 张卫红 | D95: 2478.75 | I95: 258.21 | O95: 954.34 | P95: 0 | Q95: =SUM(E95:P95) -> 1212.55 | R95: =Q95+'2023年 '!Q95+'2022年 '!Q95+'2021年 '!Q95+'2020年 '!Q95+'2019年 '!Q95+'2018年'!Q95 -> 3280.77 | S95: =R95-D95 -> 802.02
A96: 93 | B96: B1101 | C96: 仇利生 | D96: 2478.75 | I96: 258.21 | O96: 954.34 | P96: 0 | Q96: =SUM(E96:P96) -> 1212.55 | R96: =Q96+'2023年 '!Q96+'2022年 '!Q96+'2021年 '!Q96+'2020年 '!Q96+'2019年 '!Q96+'2018年'!Q96 -> 3280.77 | S96: =R96-D96 -> 802.02
A97: 94 | B97: B1102 | C97: 韩雪琴 | D97: 2478.75 | I97: 258.21 | O97: 954.34 | P97: 0 | Q97: =SUM(E97:P97) -> 1212.55 | R97: =Q97+'2023年 '!Q97+'2022年 '!Q97+'2021年 '!Q97+'2020年 '!Q97+'2019年 '!Q97+'2018年'!Q97 -> 2623.92 | S97: =R97-D97 -> 145.17
A98: 95 | B98: B1103 | C98: 罗智云 | D98: 2478.75 | J98: 258.21 | O98: 954.34 | P98: 0 | Q98: =SUM(E98:P98) -> 1212.55 | R98: =Q98+'2023年 '!Q98+'2022年 '!Q98+'2021年 '!Q98+'2020年 '!Q98+'2019年 '!Q98+'2018年'!Q98 -> 3077.37 | S98: =R98-D98 -> 598.62
A99: 96 | B99: B1104 | C99: 韦丽春 | D99: 2478.75 | I99: 258.21 | O99: 954.34 | P99: 0 | Q99: =SUM(E99:P99) -> 1212.55 | R99: =Q99+'2023年 '!Q99+'2022年 '!Q99+'2021年 '!Q99+'2020年 '!Q99+'2019年 '!Q99+'2018年'!Q99 -> 3179.07 | S99: =R99-D99 -> 700.32
A100: 97 | B100: B1001 | C100: 黄恒洋 | D100: 2478.75 | I100: 258.21 | O100: 954.34 | P100: 0 | Q100: =SUM(E100:P100) -> 1212.55 | R100: =Q100+'2023年 '!Q100+'2022年 '!Q100+'2021年 '!Q100+'2020年 '!Q100+'2019年 '!Q100+'2018年'!Q100 -> 3114.75 | S100: =R100-D100 -> 636
...

Sheet 2025年 
A1: 天峨县林朵林场新场部危改房AB栋2025年度电梯维护费收缴情况登记表
A2: 编制部门：天峨县林朵林场计划财务科 | O2: 单位：元
A3: 编号 | B3: 房号 | C3: 原户主 | D3: 上年余额（+）或欠交（-） | E3: 1月已交 | F3: 2月已交 | G3: 3月已交 | H3: 4月已交 | I3: 5月已交 | J3: 6月已交 | K3: 7月已交 | L3: 8月已交 | M3: 9月已交 | N3: 10月已交 | O3: 11月已交 | P3: 12月已交 | Q3: 本年余额（+）或欠交（-）
A4: 1 | B4: A1801 | C4: 韦贞鸾 | D4: 366.89 | Q4: =D4+E4+F4+G4+H4+I4+J4+K4+L4+M4+N4+O4+P4 -> 366.89
A5: 2 | B5: A1802 | C5: 杨桂玉 | D5: 516.04 | Q5: =D5+E5+F5+G5+H5+I5+J5+K5+L5+M5+N5+O5+P5 -> 516.04
A6: 3 | B6: A1803 | C6: 胡远必 | D6: 516.04 | Q6: =D6+E6+F6+G6+H6+I6+J6+K6+L6+M6+N6+O6+P6 -> 516.04
A7: 4 | B7: A1804 | C7: 梁小凤 | D7: 665.25 | Q7: =D7+E7+F7+G7+H7+I7+J7+K7+L7+M7+N7+O7+P7 -> 665.25
A8: 5 | B8: A1701 | C8: 陈巧玲 | D8: 516.07 | Q8: =D8+E8+F8+G8+H8+I8+J8+K8+L8+M8+N8+O8+P8 -> 516.07
A9: 6 | B9: A1702 | C9: 周凤琼 | D9: 516.04 | Q9: =D9+E9+F9+G9+H9+I9+J9+K9+L9+M9+N9+O9+P9 -> 516.04
A10: 7 | B10: A1703 | C10: 班华钊 | D10: 516.04 | Q10: =D10+E10+F10+G10+H10+I10+J10+K10+L10+M10+N10+O10+P10 -> 516.04
A11: 8 | B11: A1704 | C11: 孙慧芳 | D11: 531.7 | Q11: =D11+E11+F11+G11+H11+I11+J11+K11+L11+M11+N11+O11+P11 -> 531.7
A12: 9 | B12: A1601 | C12: 赵花萄 | D12: 665.22 | Q12: =D12+E12+F12+G12+H12+I12+J12+K12+L12+M12+N12+O12+P12 -> 665.22
A13: 10 | B13: A1602 | C13: 韦玉林 | D13: -447.17 | Q13: =D13+E13+F13+G13+H13+I13+J13+K13+L13+M13+N13+O13+P13 -> -447.17
A14: 11 | B14: A1603 | C14: 李祖勋 | D14: 464.87 | Q14: =D14+E14+F14+G14+H14+I14+J14+K14+L14+M14+N14+O14+P14 -> 464.87
A15: 12 | B15: A1604 | C15: 马尚军 | D15: 516.04 | Q15: =D15+E15+F15+G15+H15+I15+J15+K15+L15+M15+N15+O15+P15 -> 516.04
... A127: 124 | B127: B404 | C127: 周冬梅 | D127: 731.33 | Q127: =D127+E127+F127+G127+H127+I127+J127+K127+L127+M127+N127+O127+P127 -> 731.33
A128: 125 | B128: B301 | D128: 0 | Q128: =D128+E128+F128+G128+H128+I128+J128+K128+L128+M128+N128+O128+P128 -> 0
A129: 126 | B129: B302 | C129: 田明川 | D129: 665.19 | Q129: =D129+E129+F129+G129+H129+I129+J129+K129+L129+M129+N129+O129+P129 -> 665.19
A130: 127 | B130: B303 | C130: 韦仕斌 | D130: 731.33 | Q130: =D130+E130+F130+G130+H130+I130+J130+K130+L130+M130+N130+O130+P130 -> 731.33
A131: 128 | B131: B304 | C131: 韦光伟 | D131: 81.17 | Q131: =D131+E131+F131+G131+H131+I131+J131+K131+L131+M131+N131+O131+P131 -> 81.17
A132: 129 | C132: 合计 | D132: =SUM(D4:D131) -> 72780.56 | E132: =SUM(E4:E131) -> 0 | F132: =SUM(F4:F131) -> 0 | G132: =SUM(G4:G131) -> 0 | H132: =SUM(H4:H131) -> 0 | I132: =SUM(I4:I131) -> 0 | J132: =SUM(J4:J131) -> 0 | K132: =SUM(K4:K131) -> 0 | ... Q132: =SUM(Q4:Q131) -> 72780.56
